R2,dIB
-10.0,-1.2275511757864368
-9.795938775510203,-1.2127936292886186
-9.591877551020408,-1.1979281928244991
-9.387816326530611,-1.1829507615103427
-9.183755102040816,-1.167857027252276
-8.97969387755102,-1.152642462552373
-8.775632653061225,-1.1373023026800357
-8.571571428571428,-1.1218315260166978
-8.367510204081633,-1.1062248323196648
-8.163448979591836,-1.090476618641306
-7.959387755102041,-1.074580952564255
-7.755326530612244,-1.0585315423882162
-7.551265306122449,-1.0423217038266843
-7.347204081632652,-1.0259443226884797
-7.143142857142857,-1.0093918129356005
-6.93908163265306,-0.9926560694007116
-6.735020408163265,-0.9757284142874469
-6.530959183673469,-0.9585995364294323
-6.326897959183674,-0.9412594220689628
-6.122836734693877,-0.92369727564235
-5.918775510204081,-0.9059014287539875
-5.714714285714285,-0.8878592350970876
-5.510653061224489,-0.8695569485689554
-5.306591836734693,-0.8509795811590909
-5.102530612244897,-0.8321107363329954
-4.898469387755101,-0.8129324125291449
-4.694408163265305,-0.793424769923647
-4.4903469387755095,-0.7735658516641821
-4.286285714285714,-0.7533312481991259
-4.082224489795918,-0.7326936897726031
-3.8781632653061218,-0.7116225472906292
-3.674102040816326,-0.6900832149781406
-3.47004081632653,-0.6680363385812961
-3.265979591836734,-0.6454368389350434
-3.061918367346938,-0.6222326601888739
-2.857857142857142,-0.5983631410774266
-2.6537959183673463,-0.5737568599885694
-2.4497346938775504,-0.5483287290817499
-2.2456734693877545,-0.5219759893030824
-2.0416122448979586,-0.4945725490568992
-1.8375510204081618,-0.4659607400195633
-1.6334897959183667,-0.43593887864235825
-1.42942857142857,-0.4042416747273502
-1.225367346938775,-0.370507681840395
-1.0213061224489781,-0.33422140310875054
-0.8172448979591831,-0.29460056278511476
-0.6131836734693863,-0.25034689314383274
-0.40912244897959127,-0.19897704044212586
-0.20506122448979447,-0.13426920061891304
-0.001,-0.005869153198636897
0.0,100.0
0.001,-23.48454530310573
0.0010057759593016333,-23.413847209112436
0.001011585280309121,-23.343354479487697
0.001017428155718318,-23.27306652369923
0.0010233047793380837,-23.202982752912842
0.0010292153460967075,-23.133102579987554
0.0010351600520483787,-23.06342541947069
0.0010411390943796867,-22.9939506875931
0.0010471526714161633,-22.92467780226422
0.0010532009826288598,-22.85560618306733
0.0010592842286409644,-22.78673525125471
0.0010654026112344578,-22.71806442974281
0.001071556333356802,-22.649593143107538
0.0010777455991276784,-22.58132081757944
0.0010839706138457542,-22.51324688103888
0.001090231583995494,-22.445370763011425
0.0010965287172540073,-22.37769189466306
0.0011028622224979398,-22.310209708795384
0.0011092323098103969,-22.242923639841102
0.0011156391904879185,-22.175833123859107
0.001122083077047484,-22.108937598529977
0.0011285641832335619,-22.04223650315123
0.0011350827240252,-21.975729278632677
0.0011416389156431567,-21.90941536749183
0.0011482329755570736,-21.843294213849248
0.0011548651224926848,-21.777365263423917
0.0011615355764390783,-21.71162796352868
0.0011682445586559897,-21.64608176306561
0.0011749922916811414,-21.580726112521518
0.0011817789993376247,-21.515560463963332
0.0011886049067413237,-21.450584271033524
0.0011954702403083846,-21.385796988945685
0.0012023752277627198,-21.32119807447992
0.0012093200981435695,-21.256786985978398
0.001216305081813094,-21.192563183340795
0.0012233304104640164,-21.12852612801988
0.001230396317127307,-21.064675283017003
0.0012375030361799152,-21.001010112877672
0.0012446508033525383,-20.937530083687115
0.0012518398557374477,-20.874234663065813
0.00125907043179635,-20.811123320165155
0.0012663427713682956,-20.748195525662926
0.0012736571156776364,-20.685450751759024
0.0012810137073420262,-20.62288847217108
0.0012884127903804697,-20.560508162129974
0.0012958546102214113,-20.49830929837565
0.001303339413710884,-20.436291359152616
0.001310867449120693,-20.374453824205773
0.00131843896615665,-20.312796174775958
0.0013260542159668585,-20.251317893595743
0.0013337134511500438,-20.19001846488508
0.0013414169257639273,-20.128897374347083
0.0013491648953336622,-20.067954109163747
0.0013569576168603018,-20.007188157991614
0.0013647953488293283,-19.946599010957655
0.0013726783512192251,-19.886186159654983
0.0013806068855101005,-19.825949097138647
0.0013885812146923631,-19.765887317921376
0.0013966016032754389,-19.70600031796947
0.0014046683172965538,-19.646287594698613
0.0014127816243295526,-19.586748646969596
0.0014209417934937757,-19.527382975084322
0.0014291490954629856,-19.468190080781547
0.001437403802474346,-19.40916946723276
0.0014457061883374523,-19.35032063903811
0.001454056528443409,-19.29164310222231
0.0014624550997739726,-19.23313636423042
0.0014709021809107333,-19.174799933923918
0.0014793980520443574,-19.116633321576536
0.0014879429949838814,-19.0586360388702
0.0014965372931660587,-19.000807598891022
0.0015051812316647642,-18.943147516125205
0.0015138750972004422,-18.88565530645511
0.0015226191781496283,-18.828330487155167
0.001531413764554507,-18.77117257688782
0.001540259148132535,-18.714181095699686
0.0015491556222861171,-18.65735556501747
0.0015581034821123383,-18.600695507643984
0.001567103024412754,-18.54420044775425
0.0015761545477032287,-18.487869910891558
0.0015852583522238469,-18.431703423963462
0.0015944147399488662,-18.375700515237895
0.0016036240145967354,-18.319860714339278
0.001612886481640168,-18.264183552244607
0.001622202448316278,-18.208668561279527
0.001631572223636763,-18.153315275114522
0.0016409961183981644,-18.098123228760986
0.0016504744451921705,-18.043091958566112
0.0016600075184159864,-17.98822100221415
0.0016695956542827626,-17.93350989871496
0.0016792391708320838,-17.878958188405207
0.0016889383879405203,-17.82456541294464
0.0016986936273322311,-17.770331115307105
0.0017085052125896461,-17.716254839784458
0.0017183734691641923,-17.662336131977685
0.0017282987243870914,-17.6085745387944
0.0017382813074802161,-17.55496960844509
0.0017483215495670138,-17.501520890439338
0.0017584197836834814,-17.448227935582157
0.0017685763447892243,-17.395090295970174
0.0017787915697785584,-17.34210752498802
0.0017890657974916878,-17.289279177304508
0.0017993993687259442,-17.23660480886904
0.00180979262624709,-17.1840839769079
0.0018202459148006912,-17.131716239920518
0.0018307595811235446,-17.07950115767592
0.0018413339739551896,-17.027438291208973
0.0018519694440494697,-16.97552720281682
0.001862666344186168,-16.923767456055195
0.0018734250291827096,-16.872158615734847
0.0018842458559059302,-16.820700247917898
0.0018951291832839162,-16.769391919914256
0.001906075372317902,-16.71823320027807
0.0019170847860942558,-16.667223658804062
0.0019281577897965168,-16.61636286652403
0.0019392947507175088,-16.565650395703287
0.0019504960382715245,-16.515085819837054
0.001961762024006578,-16.46466871364702
0.001973093081616732,-16.4143986530777
0.0019844895869544845,-16.36427521529306
0.001995951918043249,-16.31429797867286
0.002007480455089884,-16.26446652280926
0.0020190755804973077,-16.214780428503307
0.002030737678877182,-16.16523927776144
0.00204246713706267,-16.115842653792036
0.0020542643441212698,-16.066590141001956
0.002066129691367711,-16.017481324993128
0.0020780635723769473,-15.96851579255905
0.002090066382997203,-15.919693131681393
0.002102138521363107,-15.87101293152661
0.0021142803879088965,-15.82247478244247
0.002126492385381702,-15.774078275954722
0.0021387749188549,-15.725823004763674
0.00215112839574156,-15.677708562740836
0.0021635532258079512,-15.629734544925514
0.002176049821187136,-15.581900547521487
0.002188618596392639,-15.53420616789365
0.0022012599683322036,-15.486651004564674
0.002213974356321605,-15.439234657211678
0.0022267621820985786,-15.391956726662901
0.0022396238698367964,-15.344816814894408
0.0022525598461599406,-15.297814525026764
0.002265570540155854,-15.250949461321769
0.0022786563833907736,-15.204221229179165
0.0022918178099236484,-15.157629435133348
0.002305055256320526,-15.111173686850162
0.0023183691616690495,-15.064853593123562
0.002331759967593012,-15.01866876387243
0.002345228118267007,-14.972618810137327
0.0023587740604311637,-14.926703344077264
0.0023723982434059624,-14.880921978966475
0.002386101119107144,-14.835274329191211
0.002399883142060689,-14.789760010246589
0.0024137447694179076,-14.744378638733336
0.002427686460970596,-14.699129832354643
0.0024417086791662886,-14.654013209912996
0.002455811889123598,-14.609028391307021
0.0024699965586476432,-14.564174997528298
0.0024842631582455694,-14.519452650658241
0.002498612161142143,-14.474860973865004
0.0025130440432954665,-14.430399591400276
0.0025275592834127533,-14.386068128596214
0.002542158362966211,-14.341866211862339
0.0025568417662090105,-14.297793468682412
0.0025716099801913503,-14.253849527611369
0.0025864634947766127,-14.210034018272223
0.0026014028026576028,-14.16634657135302
0.002616428399372908,-14.122786818603736
0.0026315407833233237,-14.079354392833253
0.002646740455788388,-14.036048927906293
0.002662027920943008,-13.99287005874042
0.002677403685874187,-13.949817421302956
0.002692868260597842,-13.906890652608016
0.0027084221580757155,-13.864089390713469
0.002724065894232403,-13.821413274717937
0.002739799987972457,-13.778861944757812
0.0027556249611976015,-13.73643504200426
0.0027715413388240467,-13.694132208660257
0.002787549648799889,-13.651953087957624
0.0028036504221226398,-13.609897324154055
0.0028198441928568275,-13.567964562530175
0.0028361314981517156,-13.526154449386597
0.0028525128782591206,-13.484466632040984
0.0028689888765513305,-13.442900758825147
0.002885560039539133,-13.401456479082077
0.0029022269168899302,-13.360133443163113
0.0029189900614459917,-13.318931302424977
0.002935850029242776,-13.277849709226913
0.0029528073795273817,-13.236888316927784
0.0029698626747770946,-13.196046779883234
0.0029870164807180473,-13.155324753442777
0.003004269366343986,-13.114721893946976
0.003021621903935133,-13.07423785872458
0.003039074669077186,-13.033872306089668
0.003056628240680401,-12.993624895338831
0.003074283200998794,-12.953495286748357
0.0030920401356494586,-12.913483141571376
0.0031098996336319865,-12.873588122035091
0.003127862287348013,-12.833809891337953
0.003145928692620849,-12.79414811364689
0.0031640994487152677,-12.754602454094499
0.003182375158357368,-12.71517257877628
0.003200756427754569,-12.675858154747852
0.003219243866615721,-12.636658850022233
0.0032378380881713264,-12.597574333567026
0.0032565397091938856,-12.558604275301732
0.0032753493500183428,-12.519748346094989
0.00329426763456268,-12.481006217761825
0.0033132951903486023,-12.442377563060957
0.003332432648522353,-12.403862055692086
0.0033516806438756565,-12.365459370293149
0.003371039814866751,-12.327169182437693
0.0033905108036416105,-12.288991168632096
0.003410094256055193,-12.250925006312965
0.0034297908216929015,-12.212970373844422
0.0034496011538921157,-12.175126950515416
0.003469525909763864,-12.137394416537113
0.003489565750214626,-12.0997724530402
0.0035097213399682362,-12.062260742072299
0.0035299933475879705,-12.024858966595227
0.003550382445498675,-11.987566810482495
0.0035708893100091094,-11.950383958516586
0.00359151462133436,-11.913310096386391
0.0036122590636184083,-11.876344910684583
0.003633123324956828,-11.83948808890502
0.0036541080974195903,-11.802739319440189
0.0036752140770740585,-11.76609829157854
0.0036964419640080283,-11.729564695502004
0.0037177924623529885,-11.693138222283357
0.003739266280307459,-11.656818563883684
0.003760864130160485,-11.620605413149834
0.0037825867283152684,-11.584498463811839
0.0038044347953129164,-11.548497410480412
0.003826409055856362,-11.512601948644393
0.0038485102388343896,-11.476811774668239
0.003870739077345816,-11.441126585789469
0.0038930963087238078,-11.405546080116208
0.0039155826745603355,-11.37006995662464
0.003938198920730781,-11.334697915156527
0.0039609457974186585,-11.299429656416736
0.0039838240591405245,-11.264264881970732
0.004006834464770988,-11.229203294242096
0.004029977777567887,-11.194244596510094
0.004053254765197607,-11.159388492907201
0.004076666199760539,-11.12463468841662
0.0041002128578167055,-11.08998288886986
0.004123895520411489,-11.055432800944322
0.0041477149731015735,-11.020984132160823
0.0041716720059809835,-10.986636590881167
0.004195767413707294,-10.952389886305774
0.004220001995527987,-10.91824372847123
0.004244376555306967,-10.884197828247888
0.004268891901551232,-10.850251897337479
0.004293548847437665,-10.81640564827072
0.0043183482108400395,-10.78265879440493
0.0043432908143561325,-10.749011049921648
0.004368377485335012,-10.715462129824257
0.004393609055904483,-10.682011749935631
0.004418986362998671,-10.648659626895798
0.004444510248385829,-10.615405478159524
0.004470181558696198,-10.582249021994066
0.004496001145450139,-10.549189977476747
0.0045219698650863565,-10.516228064492676
0.0045480885789903076,-10.483363003732416
0.0045743581535227845,-10.450594516689641
0.004600779460048622,-10.417922325658903
0.004627353374965658,-10.385346153733202
0.004654080779733736,-10.352865724801825
0.004680962560903992,-10.320480763547966
0.004707999610148244,-10.288190995446474
0.004735192824288565,-10.255996146761579
0.004762543105327048,-10.2238959445446
0.004790051360475692,-10.191890116631734
0.004817718502186532,-10.159978391641728
0.004845545448181888,-10.128160498973672
0.004873533121484802,-10.096436168804761
0.00490168245044966,-10.064805132088026
0.004929994368792988,-10.033267120550128
0.004958469815624424,-10.001821866689118
0.004987109735477848,-9.970469103772244
0.005015915078342747,-9.9392085658337
0.005044886799695705,-9.908039987672451
0.005074025860532095,-9.87696310485002
0.005103333227397963,-9.845977653688301
0.005132809872422087,-9.815083371267374
0.005162456773348225,-9.7842799954233
0.005192274913567526,-9.753567264746012
0.005222265282151184,-9.722944918577058
0.005252428873883223,-9.692412697007505
0.005282766689293496,-9.661970340875762
0.00531327973469088,-9.631617591765426
0.005343969022196648,-9.601354192003152
0.005374835569778051,-9.571179884656502
0.005405880401282061,-9.541094413531827
0.005437104546469363,-9.511097523172133
0.005468509041048496,-9.481188958854965
0.0055000949267102065,-9.451368466590303
0.005531863251162011,-9.421635793118433
0.005563815068162918,-9.391990685907894
0.005595951437558448,-9.362432893153299
0.005628273425315702,-9.332962163773356
0.0056607821035587905,-9.303578247408694
0.005693478550604361,-9.274280894419839
0.005726363850997374,-9.245069855885113
0.005759439095547086,-9.215944883598592
0.005792705381363196,-9.186905730068055
0.005826163811892308,-9.157952148512873
0.005859815496954448,-9.129083892862056
0.005893661552779937,-9.10030071775213
0.005927703102046396,-9.071602378525146
0.005961941273915982,-9.042988631226626
0.005996377204072855,-9.014459232603567
0.006031012034760815,-8.986013940102415
0.006065846914821262,-8.957652511867025
0.006100882999731208,-8.929374706736697
0.006136121451641682,-8.901180284244155
0.006171563439416244,-8.873069004613555
0.006207210138669761,-8.845040628758486
0.00624306273180741,-8.817094918280013
0.006279122408063874,-8.78923163546468
0.006315390363542826,-8.76145054328254
0.0063518678012565765,-8.733751405385204
0.00638855593116599,-8.706133986103854
0.006425455970220614,-8.678598050447317
0.006462569142399045,-8.6511433641001
0.006499896678749541,-8.623769693420442
0.00653743981743082,-8.596476805438405
0.006575199803753178,-8.569264467853912
0.006613177890219765,-8.542132449034188
0.0066513753365681355,-8.51508051801439
0.006689793409812041,-8.488108444491893
0.006728433384283451,-8.461215998826887
0.006767296541674831,-8.434402952040498
0.006806384171081628,-8.407669075810343
0.006845697569045078,-8.38101414247245
0.006885238039595173,-8.35443792501681
0.006925006894293933,-8.327940197086162
0.006965005452278905,-8.30152073297409
0.007005235040306923,-8.275179307623164
0.0070456969927981195,-8.24891569662306
0.007086392651880162,-8.222729676208726
0.007127323367432816,-8.196621023258498
0.007168490497132689,-8.170589515292251
0.0072098954064982726,-8.144634930469586
0.007251539468935248,-8.118757047587938
0.0072934240657819985,-8.092955646080814
0.007335550586355517,-8.067230506015868
0.0073779204279973785,-8.041581408093178
0.0074205349961201815,-8.016008133643348
0.007463395704254118,-7.990510464625739
0.007506503974093875,-7.965088183626645
0.007549861235545799,-7.939741073857493
0.007593468926775283,-7.914468919153052
0.007637328494254562,-7.88927150396961
0.0076814413928105825,-7.864148613383241
0.007725809085673338,-7.83910003308797
0.007770433044524377,-7.814125549394022
0.007815314749545617,-7.789224949226045
0.007860455689468455,-7.764398020121337
0.007905857361623119,-7.73964455022811
0.007951521271988372,-7.714964328303694
0.00799744893524145,-7.690357143712802
0.008043641874808296,-7.665822786425796
0.008090101622914103,-7.641361047016929
0.008136829720634132,-7.616971716662611
0.008183827717944844,-7.592654587139687
0.008231097173775273,-7.568409450823696
0.00827863965605879,-7.544236100687161
0.008326456741785072,-7.520134330297866
0.008374550017052434,-7.496103933817137
0.008422921077120423,-7.472144705998153
0.00847157152646274,-7.448256442184229
0.008520502978820474,-7.424438938307123
0.008569717057255587,-7.400691990885351
0.008619215394204809,-7.377015397022484
0.008668999631533747,-7.3534089544054755
0.008719071420591362,-7.329872461302987
0.008769432422264732,-7.306405716563702
0.008820084307034157,-7.283008519614675
0.008871028755028572,-7.259680670459646
0.008922267456081236,-7.2364219696774175
0.00897380210978585,-7.213232218420153
0.009025634425552886,-7.190111218411767
0.0090777661226663,-7.167058771946259
0.009130198930340576,-7.144074681886087
0.009182934587778031,-7.121158751660536
0.009235974844226608,-7.0983107852640455
0.009289321459037771,-7.07553058725466
0.009342976201724962,-7.052817962752333
0.009396940852022254,-7.03017271743736
0.009451217199943391,-7.007594657548738
0.009505807045841173,-6.985083589882581
0.009560712200467121,-6.962639321790514
0.009615934485031659,-6.940261661178036
0.009671475731264374,-6.917950416502999
0.009727337781474893,-6.895705396773954
0.009783522488613933,-6.873526411548603
0.009840031716334782,-6.851413270932207
0.009896867339055124,-6.8293657855760115
0.00995403124201916,-6.80738376667569
0.010011525321360262,-6.7854670259697425
0.01006935148416371,-6.763615375737984
0.01012751164853008,-6.741828628799947
0.010186007743638809,-6.720106598513347
0.010244841709812194,-6.698449098772532
0.010304015498579747,-6.676855944006936
0.010363531072742942,-6.655326949179548
0.010423390406440325,-6.633861929785362
0.01048359548521296,-6.61246070184987
0.010544148306070337,-6.5911230819275115
0.010605050877556593,-6.569848887100166
0.01066630521981711,-6.548637934975641
0.010727913364665574,-6.527490043686139
0.010789877355651331,-6.506405031886773
0.010852199248127196,-6.485382718754042
0.010914881109317594,-6.46442292398435
0.01097792501838718,-6.4435254677924965
0.011041333066509772,-6.422690170910185
0.011105107356937713,-6.401916854584554
0.011169250005071654,-6.38120534057667
0.011233763138530722,-6.360555451160067
0.011298648897223065,-6.339967009119268
0.01136390943341687,-6.319439837748311
0.011429546911811734,-6.298973760849285
0.011495563509610476,-6.278568602730872
0.011561961416591326,-6.258224188206892
0.011628742835180615,-6.23794034259484
0.011695909980525785,-6.217716891714443
0.011763465080568868,-6.197553661886222
0.01183141037612042,-6.17745047993004
0.011899748120933815,-6.157407173163674
0.011968480581780024,-6.137423569401371
0.012037610038522774,-6.117499496952445
0.012107138784194216,-6.09763478461982
0.012177069125070956,-6.0778292616986365
0.012247403380750541,-6.058082757974825
0.012318143884228444,-6.0383951037236905
0.012389292981975417,-6.018766129708517
0.012460853034015321,-5.999195667179154
0.012532826414003427,-5.9796835478706125
0.012605215509305148,-5.960229604001681
0.01267802272107522,-5.940833668273534
0.012751250464337333,-5.921495573868336
0.01282490116806428,-5.9022151544478625
0.012898977275258496,-5.882992244152115
0.012973481243033083,-5.863826677597956
0.013048415542693346,-5.84471828987773
0.01312378265981875,-5.825666916557894
0.013199585094345346,-5.806672393677663
0.013275825360648731,-5.787734557747637
0.01335250598762743,-5.768853245748453
0.01342962951878679,-5.750028295129436
0.013507198512323317,-5.731259543807245
0.01358521554120958,-5.71254683016453
0.01366368319327953,-5.69388999304859
0.013742604071314326,-5.6752888717700385
0.0138219807931287,-5.656743306101478
0.013901815991657776,-5.638253136276148
0.013982112315044388,-5.619818202986634
0.014062872426726951,-5.601438347383516
0.014144099005527789,-5.583113411074063
0.014225794745741998,-5.564843236120923
0.014307962357226794,-5.546627665040807
0.014390604565491438,-5.528466540803185
0.014473724111787623,-5.510359706828982
0.01455732375320038,-5.492307006989286
0.014641406262739565,-5.474308285604039
0.014725974429431837,-5.456363387440763
0.014811031058413129,-5.438472157713258
0.014896578971021751,-5.4206344420803285
0.01498262100489194,-5.402850086644495
0.015069160014048002,-5.385118937950724
0.015156198868998945,-5.367440842985152
0.015243740456833745,-5.3498156491738165
0.015331787681317087,-5.33224320438139
0.01542034346298566,-5.314723356909926
0.015509410739245073,-5.297255955497587
0.015598992464467276,-5.279840849317395
0.015689091610088527,-5.262477887975992
0.015779711164707996,-5.245166921512374
0.015870854134186877,-5.227907800396659
0.01596252354174811,-5.210700375528844
0.016054722428076613,-5.193544498237571
0.016147453851420204,-5.176440020278886
0.016240720887691018,-5.159386793835017
0.01633452663056751,-5.142384671513147
0.016428874191597116,-5.125433506344185
0.016523766700299442,-5.108533151781555
0.016619207304270057,-5.09168346169998
0.01671519916928493,-5.074884290394263
0.016811745479405418,-5.058135492578083
0.01690884943708389,-5.041436923382786
0.017006514263269934,-5.024788438356202
0.017104743197517227,-5.008189893461412
0.01720353949809099,-4.991641145075581
0.017302906442076004,-4.975142049988769
0.017402847325485405,-4.9586924654027165
0.017503365463369957,-4.942292248929686
0.017604464189927997,-4.925941258591266
0.017706146858616083,-4.909639352817205
0.017808416842260196,-4.893386390444224
0.01791127753316762,-4.877182230714858
0.01801473234323946,-4.86102673327628
0.01811878470408383,-4.844919758179143
0.018223438067129685,-4.828861165876409
0.01832869590374126,-4.812850817222205
0.018434561705333287,-4.79688857347066
0.01854103898348675,-4.780974296274753
0.018648131270065368,-4.765107847685176
0.018755842117332784,-4.749289090149176
0.018864175098070358,-4.733517886509422
0.018973133805695708,-4.717794100002866
0.01908272185438185,-4.702117594259611
0.019192942879177152,-4.686488233301771
0.019303800536125862,-4.670905881542355
0.019415298502389374,-4.655370403784133
0.01952744047636824,-4.63988166521852
0.019640230177824812,-4.624439531424455
0.01975367134800665,-4.609043868367285
0.019867767749770577,-4.5936945423976585
0.019982523167707558,-4.5783914202504095
0.020097941408268195,-4.563134369043455
0.020214026299888964,-4.547923256276702
0.02033078169311927,-4.53275794983093
0.02044821146074913,-4.517638317966706
0.02056631949793761,-4.502564229323298
0.02068510972234209,-4.487535552917571
0.020804586074248156,-4.472552158142909
0.020924752516700354,-4.45761391476813
0.021045613035633567,-4.442720692936406
0.02116717164000531,-4.427872363164187
0.021289432361928682,-4.413068796340123
0.021412399256806058,-4.398309863723996
0.021536076403463694,-4.383595436945651
0.02166046790428698,-4.3689253880039285
0.02178557788535648,-4.354299589265615
0.021911410496584863,-4.339717913464366
0.02203796991185452,-4.325180233699658
0.022165260329156024,-4.310686423435746
0.02229328597072734,-4.296236356500596
0.022422051083193933,-4.281829907084849
0.022551559937709617,-4.267466949740779
0.022681816830098175,-4.253147359381245
0.022812826080995927,-4.238871011278658
0.022944592035995012,-4.224637781063943
0.0230771190657875,-4.210447544725515
0.023210411566310436,-4.19630017860824
0.023344473958891606,-4.182195559412415
0.023479310690396216,-4.1681335641927415
0.023614926233374352,-4.1541140703573145
0.023751325086209397,-4.140136955666597
0.02388851177326722,-4.126202098232399
0.0240264908450462,-4.11230937651689
0.024165266878328255,-4.098458669331567
0.024304844476330602,-4.084649855836255
0.024445228268858418,-4.070882815538118
0.02458642291245848,-4.05715742829064
0.024728433090573588,-4.043473574292642
0.02487126351369792,-4.029831134087283
0.02501491891953324,-4.016229988561066
0.02515940407314612,-4.002670018942857
0.025304723767125975,-3.9891511068028933
0.02545088282174397,-3.9756731340518057
0.025597886085113004,-3.962235982939635
0.025745738433348476,-3.948839536054855
0.025894444770729996,-3.9354836763234045
0.026044010029864128,-3.922168287007708
0.026194439171847952,-3.9088932517057127
0.02634573718643367,-3.8956584543499178
0.026497909092194044,-3.8824637792061036
0.026650959936688937,-3.869309110873625
0.026804894796632728,-3.8561943342825655
0.026959718778062646,-3.843119334694363
0.027115437016508218,-3.8300839976992727
0.027272054677161584,-3.8170882092173155
0.02742957695504879,-3.8041318554960695
0.027588009075202174,-3.7912148231100433
0.027747356292833637,-3.7783369989597273
0.027907623893508978,-3.7654982702706645
0.028068817193323176,-3.752698524592515
0.0282309415390768,-3.739937649798109
0.028394002308453313,-3.7272155340825357
0.028558004910197426,-3.7145320659622034
0.028722954784294572,-3.701887134273919
0.02888885740215133,-3.689280628173958
0.029055718266776845,-3.6767124371371613
0.029223542912965476,-3.664182450956001
0.0293923369074803,-3.651690559739676
0.029562105849237817,-3.639236653913194
0.029732855369493594,-3.6268206242164696
0.029904591132029142,-3.6144423617034125
0.030077318833339747,-3.6021017577410213
0.030251044202823367,-3.5897987040084915
0.030425773002970787,-3.577533092496307
0.0306015110295567,-3.565304815505347
0.030778264111831904,-3.553113765645997
0.030956038112716768,-3.5409598358372483
0.031134838928995632,-3.5288429193058204
0.03131467249151244,-3.5167629095852653
0.031495544765367395,-3.504719700515091
0.031677461750114926,-3.4927131862398784
0.031860429479962656,-3.4807432612083993
0.032044454023971485,-3.4688098201727464
0.03222954148625701,-3.4569127581874577
0.03241569800619193,-3.4450519706086453
0.032602929758609754,-3.4332273530931214
0.032791242954009495,-3.421438801597549
0.03298064383876183,-3.409686212377558
0.033171138695316196,-3.3979694819868973
0.03336273384240918,-3.386288507276575
0.03355543563527416,-3.3746431853940004
0.0337492504658521,-3.3630334137821256
0.033944184763003496,-3.3514590901786048
0.03414024499272173,-3.33992011261494
0.034337437658347486,-3.328416379415634
0.03453576930078449,-3.316947789197344
0.03473524649871642,-3.3055142408680527
0.03493587586882521,-3.294115633626214
0.03513766406601048,-3.2827518669599254
0.03534061778361022,-3.2714228406460935
0.03554474375362294,-3.260128454749597
0.03575004874693087,-3.2488686096224635
0.03595653957352455,-3.2376432059030407
0.0361642230827288,-3.2264521445151693
0.036373106163429834,-3.2152953266673627
0.03658319574430381,-3.2041726538519866
0.0367944987940466,-3.1930840278444457
0.037007022321605014,-3.1820293507023587
0.037220773376409264,-3.171008524764756
0.03743575904860672,-3.160021452651265
0.037651986469297224,-3.1490680372612974
0.03786946281076956,-3.13814818177325
0.03808819528673928,-3.127261789643702
0.038308191152588156,-3.1164087646066037
0.038529457705604696,-3.1055890106724897
0.038752002285226295,-3.094802432127674
0.038975832273282565,-3.08404893353346
0.03920095509424033,-3.0733284197253465
0.039427378215449845,-3.0626407958122357
0.03965510914739239,-3.0519859671756526
0.03988415544392956,-3.0413638394689526
0.040114524702553736,-3.0307743186165395
0.04034622456464006,-3.020217310813089
0.040579262715699976,-3.0096927225227668
0.04081364688563615,-2.9992004604784515
0.041049384848998845,-2.9887404316809616
0.04128648442524375,-2.978312543398286
0.041524953478991475,-2.967916703164811
0.04176479992028837,-2.9575528187805507
0.04200603170486882,-2.94722079819808
0.042248656834419265,-2.936920550083312
0.042492683356843565,-2.9266519826916437
0.042738119366529895,-2.916415004990295
0.04298497300461932,-2.906209526096002
0.04323325245927581,-2.8960354553865697
0.043482965965957854,-2.8858927025001266
0.04373412180769153,-2.8757811773343698
0.04398672831534544,-2.8657007900458167
0.0442407938679069,-2.855651451049061
0.04449632689275988,-2.8456330710160302
0.04475333586596464,-2.8356455608752413
0.045011829312538804,-2.82568883181106
0.0452718158067401,-2.815762795262971
0.04553330397235087,-2.805867362924834
0.045796302482964076,-2.796002446744155
0.04606082006227099,-2.7861679589213555
0.04632686548435053,-2.776363811909043
0.04659444757396038,-2.7665899184112837
0.04686357520682969,-2.756846191382876
0.047134257309953374,-2.7471325440286343
0.04740650286188838,-2.7374488898026614
0.047680320893051444,-2.7277951424076314
0.047955720486018524,-2.718171215794079
0.048232710775826276,-2.7085770241596765
0.04851130095027491,-2.699012481948526
0.04879150025023301,-2.6894775038504513
0.04907331796994399,-2.679972004800285
0.0493567634573345,-2.6704958999771655
0.049641846114324435,-2.6610491048038285
0.04992857539713872,-2.6516315349459125
0.05021696081662113,-2.6422431063112524
0.05050701193854968,-2.6328837350491767
0.05079873838395385,-2.623553337549826
0.05109214982943389,-2.6142518304434477
0.05138725600748166,-2.6049791305997028
0.05168406670680352,-2.5957351551269814
0.05198259177264492,-2.5865198213717138
0.05228284110711714,-2.5773330469176807
0.05258482466952564,-2.568174749585329
0.05288855247670035,-2.5590448474310943
0.05319403460332807,-2.5499432587467155
0.05350128118228657,-2.5408699020585583
0.053810302404980734,-2.531824696126939
0.054121108521680485,-2.5228075599454476
0.054433709841861,-2.5138184127402785
0.054748116734544536,-2.5048571739695573
0.05506433962864434,-2.495923763322673
0.05538238901331071,-2.4870181007196104
0.055702275438278846,-2.4781401063102844
0.05602400951421872,-2.4692897004738814
0.05634760191308717,-2.4604668038181923
0.0566730633684818,-2.4516713371789542
0.057000404675997075,-2.442903221619195
0.057329636693582264,-2.4341623784285797
0.057660770341901826,-2.4254487291227504
0.05799381660469751,-2.4167621954426797
0.05832878652915264,-2.4081026993540204
0.058665691226258684,-2.399470163046453
0.05900454187118378,-2.3908645089330456
0.05934534970364326,-2.3822856596496056
0.059688126028272705,-2.373733538054037
0.06003288221500277,-2.365208067225702
0.06037962969943641,-2.356709170464779
0.06072837998322805,-2.3482367712916306
0.0610791446344653,-2.339790793446162
0.06143193528805258,-2.33137116088719
0.061786763646096955,-2.3229777977918173
0.06214364147829645,-2.31461062855479
0.06250258062233043,-2.306269577787882
0.06286359298425206,-2.2979545703192628
0.06322669053888355,-2.2896655311928735
0.06359188533021311,-2.2814023856678034
0.06395918947179459,-2.2731650592176718
0.06432861514714913,-2.2649534775300078
0.06470017461016951,-2.256767566505631
0.06507388018552646,-2.248607252258038
0.06544974426907742,-2.2404724611127893
0.06582777932827792,-2.232363119606896
0.066207997902595,-2.224279154488204
0.06659041260392302,-2.2162204927148004
0.06697503611700226,-2.20818706145439
0.06736188119983949,-2.200178788083699
0.06775096068413125,-2.19219560018787
0.06814228747568936,-2.1842374255598624
0.06853587455486915,-2.1763041921998467
0.06893173497699996,-2.1683958283146123
0.06932988187281809,-2.160512262316969
0.06973032844890253,-2.1526534228251495
0.07013308798811296,-2.1448192386622185
0.07053817385003018,-2.1370096388554853
0.0709455994713995,-2.129224552635906
0.07135537836657628,-2.1214639094375007
0.07176752412797431,-2.1137276388967647
0.07218205042651649,-2.1060156708520874
0.0725989710120885,-2.098327935343166
0.07301829971399482,-2.0906643626104224
0.07344005044141733,-2.0830248830944305
0.07386423718387686,-2.0754094274353285
0.07429087401169716,-2.0678179264722516
0.0747199750764715,-2.060250311242752
0.07515155461153226,-2.0527065129822266
0.07558562693242295,-2.045186463123345
0.0760222064373731,-2.037690093295481
0.07646130760777575,-2.030217335324146
0.07690294500866793,-2.0227681212304174
0.07734713328921379,-2.0153423832303767
0.0777938871831903,-2.0079400537345466
0.07824322150947627,-2.000561065347328
0.07869515117254373,-1.9932053508664385
0.07914969116295223,-1.9858728432823587
0.0796068565578463,-1.97856347577777
0.08006666252145539,-1.971277181726999
0.08052912430559697,-1.9640138946954684
0.08099425725018228,-1.9567735484391418
0.08146207678372536,-1.949556076903972
0.08193259842385472,-1.9423614142253527
0.08240583777782799,-1.9351894947275734
0.08288181054304973,-1.9280402529232692
0.08336053250759211,-1.9209136235128783
0.08384201955071845,-1.9138095413841008
0.08432628764341016,-1.9067279416113538
0.08481335284889632,-1.8996687594552357
0.08530323132318667,-1.8926319303619823
0.08579593931560721,-1.885617389962937
0.08629149316933957,-1.87862507407401
0.08678990932196289,-1.8716549186951472
0.087291204305999,-1.8647068600097965
0.08779539474946102,-1.857780834384379
0.08830249737640475,-1.8508767783677582
0.08881252900748349,-1.8439946286907132
0.08932550656050585,-1.8371343222654124
0.08984144705099713,-1.8302957961848891
0.09036036759276359,-1.8234789877225164
0.09088228539846002,-1.816683834331489
0.09140721778016095,-1.809910273644301
0.09193518214993475,-1.803158243472224
0.09246619602042103,-1.796427681804798
0.09300027700541183,-1.789718526809307
0.09353744282043573,-1.7830307168302701
0.09407771128334547,-1.776364190388926
0.09462110031490889,-1.7697188861827235
0.09516762793940357,-1.7630947430848098
0.09571731228521461,-1.7564917001435227
0.09627017158543574,-1.7499096965818852
0.09682622417847449,-1.7433486717970959
0.09738548850866023,-1.7368085653600287
0.09794798312685594,-1.7302893170147284
0.09851372669107374,-1.7237908666779105
0.09908273796709362,-1.7173131544384583
0.09965503582908601,-1.7108561205569268
0.10023063926023768,-1.7044197054650483
0.10080956735338151,-1.6980038497652306
0.10139183931162991,-1.6916084942300673
0.10197747444901163,-1.6852335798018425
0.1025664921911125,-1.6788790475920417
0.10315891207571966,-1.6725448388808601
0.10375475375346979,-1.6662308951167137
0.10435403698850093,-1.6599371579157527
0.10495678165910766,-1.6536635690613783
0.10556300775840109,-1.6474100705037515
0.10617273539497163,-1.6411766043591627
0.10678598479355607,-1.6349631129101596
0.10740277629570849,-1.628769538604151
0.10802313036047495,-1.6225958240536906
0.1086470675650722,-1.61644191203523
0.10927460860556987,-1.6103077454895733
0.10990577429757756,-1.6041932675207757
0.11054058557693487,-1.598098421395831
0.11117906350040598,-1.5920231505441984
0.11182122924637804,-1.5859673985573295
0.11246710411556385,-1.5799311091881987
0.11311670953170791,-1.5739142263508392
0.11377006704229774,-1.56791669411987
0.11442719831927815,-1.5619384567300327
0.11508812515977024,-1.5559794585757292
0.11575286948679436,-1.550039644210556
0.11642145334999737,-1.5441189583468429
0.11709389892638408,-1.5382173458551935
0.11777022852105246,-1.5323347517640273
0.11845046456793412,-1.5264711212591184
0.11913462963053807,-1.5206263996831408
0.11982274640269923,-1.5148005325352143
0.12051483770933116,-1.5089934654704489
0.12121092650718321,-1.5032051442994927
0.1219110358856021,-1.49743551498808
0.1226151890672973,-1.4916845236565848
0.1233234094091121,-1.4859521165795653
0.12403572040279781,-1.4802382401853222
0.12475214567579315,-1.474542841055449
0.12547270899200796,-1.4688658659243894
0.12619743425261162,-1.46320726167899
0.12692634549682527,-1.457566975358064
0.12765946690271998,-1.4519449541519431
0.1283968227880183,-1.446341145402041
0.12913843761090096,-1.4407554966004137
0.12988433597081803,-1.4351879553893236
0.13063454260930515,-1.4296384695608007
0.13138908241080413,-1.4241069870562069
0.1321479804034879,-1.418593455965809
0.1329112617600915,-1.4130978245283372
0.13367895179874653,-1.407620041130557
0.13445107598382108,-1.402160054306842
0.13522765992676447,-1.3967178127387396
0.13600872938695657,-1.3912932652545484
0.13679431027256264,-1.3858863608288876
0.13758442864139198,-1.380497048582275
0.13837911070176315,-1.3751252777807
0.13917838281337275,-1.3697709978352015
0.13998227148816994,-1.364434158301446
0.1407908033912358,-1.359114708879309
0.14160400534166787,-1.3538125994124521
0.14242190431346977,-1.348527779887907
0.1432445274364455,-1.3432602004356602
0.1440719019971001,-1.3380098113282324
0.14490405543954427,-1.3327765629802668
0.1457410153664047,-1.327560405948116
0.1465828095397398,-1.322361290929428
0.14742946588196057,-1.3171791687627348
0.14828101247675632,-1.312013990427046
0.14913747757002704,-1.3068657070414351
0.1499988895708198,-1.3017342698646335
0.15086527705227104,-1.2966196302946251
0.15173666875255462,-1.2915217398682388
0.1526130935758348,-1.2864405502607466
0.15349458059322535,-1.2813760132854566
0.1543811590437531,-1.276328080893317
0.1552728583353288,-1.2712967051725093
0.15616970804572197,-1.266281838348049
0.157071737923542,-1.2612834327813922
0.15797897788922524,-1.256301440970031
0.15889145803602703,-1.251335815547103
0.1598092086310205,-1.246386509280991
0.1607322601160995,-1.241453475074934
0.16166064310898964,-1.2365366659666288
0.16259438840426305,-1.231636035127841
0.16353352697436005,-1.2267515358640135
0.16447808997061653,-1.221883121613877
0.16542810872429736,-1.2170307459490595
0.16638361474763508,-1.212194362573702
0.16734463973487607,-1.2073739253240676
0.16831121556333123,-1.2025693881681603
0.16928337429443346,-1.197780705205337
0.17026114817480129,-1.1930078306659264
0.17124456963730833,-1.1882507189108455
0.17223367130215933,-1.1835093244312194
0.1732284859779715,-1.1787836018480018
0.17422904666286382,-1.1740735059115928
0.1752353865455509,-1.1693789915014636
0.17624753900644402,-1.1647000136257795
0.17726553761875827,-1.160036527421023
0.1782894161496264,-1.1553884881516185
0.1793192085612188,-1.15075585120956
0.18035494901186952,-1.1461385721140385
0.18139667185721023,-1.1415366065110681
0.18244441165130923,-1.1369499101731169
0.18349820314781765,-1.1323784389987377
0.1845580813011223,-1.1278221490121978
0.18562408126750532,-1.1232809963631114
0.18669623840630953,-1.1187549373260783
0.1877745882811124,-1.1142439283003092
0.18885916666090508,-1.1097479258092684
0.18995000952127886,-1.1052668865003072
0.19104715304561865,-1.1008007671443023
0.19215063362630308,-1.0963495246352943
0.19326048786591185,-1.0919131159901259
0.19437675257843917,-1.087491498348086
0.19549946479051591,-1.0830846289705458
0.19662866174263705,-1.0786924652406065
0.19776438089039716,-1.0743149646627397
0.1989066599057328,-1.0699520848624322
0.20005553667817216,-1.065603783585833
0.20121104931609193,-1.0612700186993977
0.2023732361479806,-1.0569507481895395
0.2035421357237112,-1.0526459301622726
0.2047177868158189,-1.0483555228428663
0.20590022842078753,-1.0440794845754904
0.20708949976034302,-1.0398177738228722
0.2082856402827546,-1.0355703491659447
0.20948868966414244,-1.0313371693035036
0.21069868780979503,-1.0271181930518556
0.21191567485549198,-1.0229133793444805
0.21313969116883547,-1.0187226872316815
0.21437077735058938,-1.014546075880247
0.2156089742360259,-1.010383504573105
0.21685432289628032,-1.006234932708984
0.21810686463971252,-1.0021003198020746
0.21936664101327835,-0.9979796254816857
0.22063369380390707,-0.9938728094919105
0.22190806503988747,-0.9897798316912875
0.2231897969922621,-0.9857006520524642
0.22447893217622922,-0.9816352306618631
0.22577551335255347,-0.9775835277193443
0.22707958352898322,-0.9735455035378768
0.22839118596167848,-0.9695211185432009
0.22971036415664492,-0.9655103332734984
0.2310371618711771,-0.9615131083790633
0.2323716231153099,-0.9575294046219702
0.23371379215327842,-0.9535591828757459
0.2350637135049864,-0.9496024041250402
0.23642143194748202,-0.9456590294653029
0.23778699251644456,-0.941729020102451
0.23916044050767735,-0.93781233735255
0.24054182147861042,-0.9339089426414837
0.24193118124981164,-0.9300187975046355
0.2433285659065069,-0.9261418635865618
0.2447340218001077,-0.9222781026406746
0.24614759554975016,-0.9184274765289158
0.24756933404384043,-0.91458994722144
0.24899928444161015,-0.9107654767962953
0.25043749417468075,-0.9069540274391048
0.2518840109486367,-0.9031555614427482
0.25333888274460853,-0.8993700412070458
0.25480215782086263,-0.8955974292384461
0.2562738847144043,-0.891837688149705
0.2577541122425862,-0.8880907806595764
0.259242889504728,-0.8843566695924978
0.26074026588374516,-0.880635317878278
0.26224629104778674,-0.8769266885517861
0.26376101495188337,-0.8732307447526406
0.26528448783960296,-0.8695474497249013
0.2668167602447192,-0.8658767668167575
0.2683578829928863,-0.8622186594802232
0.26990790720332575,-0.8585730912708279
0.2714668842905212,-0.8549400258473114
0.27303486596592474,-0.8513194269713178
0.27461190423967086,-0.8477112585070932
0.27619805142230325,-0.8441154844211772
0.2777933601265089,-0.8405320687821047
0.2793978832688636,-0.8369609757601013
0.2810116740715871,-0.8334021696267827
0.2826347860643085,-0.8298556147548545
0.28426727308584204,-0.8263212756178111
0.2859091892859722,-0.8227991167896409
0.28756058912725097,-0.8192891029445228
0.2892215273868037,-0.8157911988565331
0.2908920591581461,-0.8123053693993474
0.2925722398530119,-0.8088315795459452
0.2942621252031906,-0.805369794368316
0.2959617712623767,-0.8019199790371636
0.2976712344080275,-0.7984820988216161
0.29939057134323527,-0.7950561190889299
0.30111983909860657,-0.7916420053041999
0.30285909503415454,-0.7882397230300688
0.30460839684120133,-0.7848492379264369
0.3063678025442922,-0.7814705157501722
0.3081373705031189,-0.7781035223548243
0.30991715941445724,-0.7747482236903338
0.31170722831411296,-0.7714045858027472
0.31350763657888026,-0.7680725748339301
0.3153184439285111,-0.7647521570212827
0.31713971042769656,-0.7614432986974541
0.31897149648805906,-0.7581459662900596
0.32081386287015523,-0.7548601263213981
0.32266687068549305,-0.7515857454081679
0.32453058139855784,-0.7483227902611871
0.32640505682885135,-0.7450712276851119
0.32829035915294213,-0.7418310245781569
0.3301865509065281,-0.7386021479318166
0.33209369498651126,-0.7353845648305848
0.3340118546530824,-0.7321782424516811
0.3359410935318217,-0.7289831480647693
0.3378814756158077,-0.7257992490316836
0.3398330652677405,-0.7226265128061528
0.34179592722207625,-0.7194649069335257
0.3437701265871754,-0.7163143990504968
0.34575572884746025,-0.7131749568848341
0.34775279986558977,-0.7100465482551045
0.3497614058846425,-0.7069291410704042
0.3517816135303143,-0.7038227033300863
0.3538134898131283,-0.7007272031234908
0.3558571021306578,-0.6976426086296759
0.35791251826976206,-0.6945688881171469
0.3599798064088333,-0.6915060099435921
0.3620590351200606,-0.6884539425556103
0.36415027337170275,-0.6854126544884479
0.36625359053037637,-0.6823821143657313
0.36836905636335693,-0.679362290899202
0.3704967410408928,-0.676353152888452
0.3726367151385332,-0.673354669220659
0.3747890496394677,-0.6703668088703267
0.3769538159368831,-0.6673895408990169
0.37913108583633,-0.6644228344550922
0.3813209315581047,-0.661466658773453
0.3835234257396452,-0.6585209831752774
0.38573864143794045,-0.6555857770677618
0.38796665213195375,-0.6526610099438608
0.39020753172505884,-0.6497466513820324
0.39246135454749365,-0.6468426710459751
0.39472819535882386,-0.6439490386843755
0.3970081293504236,-0.6410657241306491
0.3993012321479693,-0.638192697302687
0.40160757981394846,-0.6353299282025987
0.4039272488501813,-0.6324773869164615
0.4062603162003607,-0.6296350436140623
0.4086068592526027,-0.6268028685486484
0.410966955842014,-0.6239808320566731
0.4133406842532736,-0.6211689045575466
0.41572812322322983,-0.6183670565533821
0.4181293519435121,-0.6155752586287477
0.4205444500631561,-0.6127934814504178
0.4229734976912487,-0.6100216957671208
0.4254165753995829,-0.6072598724092202
0.42787376422533113,-0.6045079822887605
0.43034514567373333,-0.6017659963987791
0.43283080172080035,-0.5990338858133539
0.4353308148160335,-0.596311621687357
0.43784526788515776,-0.5935991752559184
0.44037424433287525,-0.5908965178346195
0.44291782804562946,-0.5882036208189574
0.44547610339438887,-0.5855204556841744
0.4480491552374451,-0.5828469939850168
0.4506370689232283,-0.5801832073554909
0.4532399302931362,-0.5775290675086258
0.45585782568438454,-0.5748845462362286
0.4584908419328686,-0.5722496154086474
0.4611390663760445,-0.5696242469745306
0.46380258685582576,-0.5670084129605893
0.4664814917214973,-0.5644020854713588
0.46917586983264636,-0.561805236688961
0.4718858105621082,-0.5592178388728697
0.47461140379893324,-0.556639864359671
0.47735273995136696,-0.5540712855628309
0.48010990994984926,-0.5515120749724588
0.4828830052500305,-0.5489622051550737
0.48567211783580505,-0.5464216487533707
0.4884773402223633,-0.5438903784859876
0.49129876545925777,-0.5413683671472738
0.4941364871334932,-0.5388555876070562
0.4969905993726283,-0.5363520128104097
0.49986119684789904,-0.533857615777426
0.5027483747773582,-0.5313723696029841
0.5056522289290352,-0.5288962474565195
0.5085728556241095,-0.526429222581798
0.5115103517401097,-0.5239712682966848
0.5144648147141249,-0.521522357992918
0.517436342546036,-0.5190824651358816
0.520425033801768,-0.5166515632643791
0.5234309876165582,-0.5142296259904073
0.5264543036982456,-0.5118166269989313
0.5294950823305765,-0.5094125400476603
0.532553424376533,-0.5070173389668226
0.5356294312816773,-0.5046309976589419
0.5387232050775173,-0.5022534900986156
0.5418348483848905,-0.49988479033229133
0.5449644644173683,-0.49752487247804567
0.5481121569846801,-0.4951737107253621
0.5512780304961541,-0.4928312793349128
0.5544621899641845,-0.49049755263833483
0.5576647410077121,-0.4881725050380139
0.5608857898557287,-0.4858561110068633
0.5641254433507998,-0.48354834508810673
0.5673838089526105,-0.48124918189505944
0.5706609947415265,-0.47895859611091285
0.5739571094221833,-0.4766765624885152
0.577272262327089,-0.4744030558501577
0.580606563420252,-0.4721380510873573
0.5839601233008286,-0.4698815231606427
0.587333053206791,-0.4676334470993395
0.5907254650186181,-0.46539379800135583
0.5941374712630041,-0.4631625510329707
0.5975691851165946,-0.4609396814286183
0.6010207204097383,-0.458725164490678
0.6044921916302634,-0.4565189755892618
0.6079837139272749,-0.45432109016200284
0.6114954031149747,-0.4521314837138456
0.6150273756765035,-0.4499501318168341
0.6185797487678013,-0.44777701010990545
0.6221526402214987,-0.4456120942986765
0.6257461685508219,-0.4434553601552388
0.6293604529535245,-0.44130678351794894
0.6329956133158415,-0.4391663402912218
0.6366517702164664,-0.43703400644532253
0.6403290449305502,-0.4349097580161617
0.6440275594337228,-0.4327935711050887
0.6477474364061423,-0.4306854218786855
0.6514887992365616,-0.4285852865685632
0.6552517720264219,-0.4264931414711569
0.6590364795939697,-0.4244089629475218
0.6628430474783968,-0.42233272742313044
0.6666716019440028,-0.42026441138767023
0.670522269984386,-0.41820399139484
0.6743951793266547,-0.416151444062149
0.6782904584356633,-0.4141067460707155
0.6822082365182739,-0.4120698741650668
0.6861486435276425,-0.4100408051529374
0.6901118101675299,-0.4080195159050706
0.6940978678966341,-0.4060059833550198
0.6981069489329556,-0.4040001844989479
0.7021391862581797,-0.4020020963954307
0.706194713622089,-0.4000116961652583
0.7102736655469988,-0.39802896099123863
0.7143761773322203,-0.39605386811800025
0.7185023850585484,-0.3940863948517961
0.7226524255927731,-0.39212651856030867
0.7268264365922236,-0.39017421667245356
0.7310245565093315,-0.38822946667818536
0.735246924596224,-0.3862922461283037
0.7394936809093429,-0.38436253263425857
0.7437649663140911,-0.3824403038679578
0.7480609224895021,-0.38052553756157526
0.7523816919329437,-0.3786182115073563
0.7567274179648424,-0.37671830355742764
0.7610982447334376,-0.3748257916236054
0.7654943172195625,-0.37294065367720447
0.7699157812414543,-0.37106286774884845
0.7743627834595911,-0.3691924119282787
0.7788354713815532,-0.36732926436416685
0.7833339933669216,-0.3654734032639242
0.7878584986321948,-0.36362480689351295
0.7924091372557404,-0.36178345357726005
0.796986060182772,-0.35994932169766863
0.8015894192303568,-0.358122389695231
0.8062193670924521,-0.35630263606824153
0.8108760573449667,-0.3544900393726125
0.8155596444508603,-0.35268457822168603
0.820270283765263,-0.3508862312860504
0.8250081315406305,-0.3490949772933549
0.8297733449319258,-0.34731079502812584
0.8345660820018336,-0.3455336633315821
0.8393865017259998,-0.34376356110145334
0.8442347639983097,-0.3420004672917953
0.849111029636188,-0.3402443609128084
0.8540154603859346,-0.3384952210306559
0.8589482189280895,-0.3367530267672818
0.8639094688828286,-0.3350177573002303
0.8688993748153925,-0.3332893918624649
0.8739181022415409,-0.3315679097421893
0.8789658176330487,-0.3298532902826658
0.8840426884232241,-0.3281455128820378
0.8891488830124632,-0.32644455699315
0.894284570773836,-0.3247504021233708
0.8994499220587043,-0.32306302783441376
0.9046451082023738,-0.32138241374216053
0.9098703015297723,-0.3197085395164844
0.9151256753611733,-0.3180413848810722
0.9204114040179392,-0.3163809296132497
0.925727662828306,-0.31472715354380537
0.9310746281331985,-0.3130800365568148
0.9364524772920803,-0.3114395585894665
0.9418613886888331,-0.3098056996318877
0.9473015417376798,-0.30817843972696946
0.9527731168891311,-0.306557758970194
0.9582762956359732,-0.3049436375094615
0.9638112605192866,-0.3033360555449174
0.969378195134502,-0.3017349933287801
0.9749772841374906,-0.30014043116516925
0.9806087132506859,-0.29855234940993525
0.986272669269249,-0.29697072847048694
0.9919693400672615,-0.2953955488056221
0.9976989146039581,-0.293826790925357
1.0034615829299944,-0.2922644353907573
1.0092575361937506,-0.29070846281376816
1.0150869666476736,-0.28915885385704576
1.020950067654649,-0.28761558923379005
1.0268470336944222,-0.28607864970757463
1.032778060370044,-0.28454801609218117
1.0387433444143614,-0.28302366925143146
1.0447430836965412,-0.281505590099021
1.0507774772286356,-0.27999375959835265
1.0568467251721823,-0.27848815876237093
1.0629510288448412,-0.2769887686533972
1.0690905907270785,-0.2754955703829634
1.0752656144688773,-0.2740085451116485
1.0814763048964953,-0.27252767404891387
1.0877228680192583,-0.27105293845294
1.0940055110363947,-0.26958431963046264
1.1003244423439036,-0.2681217989366108
1.1066798715414743,-0.26666535777474315
1.1130720094394349,-0.2652149775962865
1.1195010680657442,-0.26377063990057426
1.125967260673027,-0.26233232623468483
1.1324708017456462,-0.26090001819328124
1.1390119070068183,-0.2594736974184499
1.1455907934257656,-0.258053345599542
1.1522076792249187,-0.2566389444730123
1.1588627838871512,-0.2552304758222606
1.165556328163061,-0.25382792147747313
1.1722885340782923,-0.25243126331546395
1.1790596249408998,-0.2510404832595169
1.1858698253487587,-0.24965556327922778
1.1927193611970084,-0.2482764853903482
1.1996084596855525,-0.24690323165462738
1.2065373493265914,-0.24553578417965652
1.2135062599522024,-0.24417412511871286
1.2205154227219637,-0.24281823667060387
1.2275650701306229,-0.24146810107951178
1.2346554360158042,-0.24012370063484006
1.2417867555657718,-0.23878501767105734
1.248959265327227,-0.2374520345675445
1.2561732032131552,-0.23612473374844067
1.2634288085107168,-0.2348030976824904
1.2707263218891858,-0.2334871088828904
1.2780659854079335,-0.23217674990713738
1.2854480425244517,-0.23087200335687663
1.2928727381024372,-0.22957285187774906
1.300340318419908,-0.22827927815924126
1.3078510311773746,-0.2269912649345342
1.3154051255060544,-0.2257087949803524
1.3230028519761372,-0.22443185111681482
1.3306444626050977,-0.2231604162072843
1.3383302108660486,-0.22189447315821953
1.3460603516961573,-0.2206340049190247
1.3538351415050967,-0.21937899448190212
1.3616548381835512,-0.21812942488170373
1.3695197011117717,-0.21688527919578357
1.3774299911681798,-0.2156465405438505
1.3853859707380165,-0.21441319208782159
1.3933879037220531,-0.213185217031675
1.40143605554534,-0.21196259862130434
1.4095306931660114,-0.21074532014437283
1.4176720850841416,-0.2095333649301682
1.4258605013506493,-0.20832671634945726
1.4340962135762587,-0.2071253578143418
1.4423794949405018,-0.2059292727781148
1.4507106202007884,-0.20473844473511557
1.4590898657015157,-0.20355285722058736
1.4675175093832333,-0.2023724938105339
1.4759938307918654,-0.20119733812157709
1.4845191110879812,-0.20002737381081462
1.4930936330561237,-0.19886258457567796
1.501717681114184,-0.19770295415379194
1.5103915413228428,-0.19654846632283227
1.5191155013950548,-0.19539910490038592
1.5278898507055931,-0.19425485374381046
1.5367148803006474,-0.19311569675009435
1.5455908829074798,-0.1919816178557173
1.554518152944129,-0.19085260103651175
1.5634969865291848,-0.18972863030752324
1.5725276814916038,-0.18860968972287276
1.581610537380591,-0.18749576337561877
1.590745855475536,-0.18638683539761938
1.5999339387960048,-0.1852828899593955
1.609175092111794,-0.1841839112699939
1.618469621953034,-0.18308988357685138
1.6278178366203646,-0.18200079116565782
1.637220046195157,-0.18091661836022135
1.6466765625497983,-0.179837349522333
1.6561876993580396,-0.17876296905163175
1.6657537721053974,-0.17769346138547032
1.6753750980996223,-0.1766288109987807
1.6850519964812158,-0.17556900240394166
1.6947847882340275,-0.17451402015064393
1.7045737961958944,-0.17346384882575847
1.7144193450693528,-0.17241847305317007
1.7243217614324065,-0.17137787749377945
1.7342813737493608,-0.17034204684517062
1.7442985123817196,-0.16931096584161326
1.7543735095991362,-0.16828461925389898
1.7645066995904446,-0.16726299188924282
1.7746984184747385,-0.16624606859102214
1.7849490043125216,-0.16523383423884452
1.7952587971169218,-0.1642262737482863
1.8056281388649704,-0.16322337207079668
1.8160573735089385,-0.16222511419356989
1.8265468469877573,-0.16123148513941574
1.8370969072384855,-0.16024246996663297
1.8477079042078515,-0.15925805376888152
1.8583801898638623,-0.15827822167505554
1.8691141182074777,-0.15730295884915688
1.8799100452843545,-0.15633225049016894
1.8907683291966488,-0.15536608183193143
1.901689330114906,-0.15440443814301383
1.9126734102900003,-0.15344730472659157
1.9237209340651515,-0.15249466692032096
1.934832267888012,-0.15154651009621506
1.9460077803228204,-0.15060281966051992
1.957247842062629,-0.14966358105359134
1.9685528259415923,-0.1487287797497722
1.9799231069473464,-0.14779840125726915
1.9913590622334378,-0.146872431118031
2.002861071131837,-0.145950854907627
2.0144295151655203,-0.14503365823512532
2.026064778061128,-0.14412082674297183
2.037767245761682,-0.14321234610687084
2.0495373064394027,-0.14230820203566324
2.061375350508576,-0.14140838027120797
2.073281770638504,-0.14051286658826226
2.08525696176653,-0.13962164679436295
2.0973013211111415,-0.13873470672970786
2.1094152481851434,-0.1378520322670378
2.121599144808906,-0.13697360931151906
2.1338534151237023,-0.1360994238006259
2.146178465605108,-0.13522946170402372
2.1585747050764854,-0.1343637090234529
2.1710425447225425,-0.13350215179261266
2.1835823981029745,-0.13264477607704542
2.1961946811661823,-0.13179156797402164
2.208879812263062,-0.13094251361242545
2.2216382121608933,-0.13009759915263983
2.234470304057288,-0.1292568107864327
2.2473765135942316,-0.128420134736844
2.2603572688721987,-0.12758755725807197
2.273413000464358,-0.12675906463536085
2.286544141430844,-0.1259346431848891
2.299751127333137,-0.12511427925365648
2.313034396248499,-0.12429795921937378
2.326394388784508,-0.12348566949035142
2.339831548093676,-0.12267739650538895
2.353346319888143,-0.12187312673366513
2.366939152454468,-0.12107284667462798
2.3806104966684876,-0.12027654285788647
2.394360806010286,-0.11948420184310041
2.4081905365792275,-0.11869581021987316
2.422100147109088,-0.11791135460764335
2.43609009898327,-0.11713082165557742
2.45016085625011,-0.11635419804246269
2.464312885638268,-0.11558147047660072
2.4785466565722056,-0.1148126256957015
2.492862641187766,-0.11404765046677713
2.507261314347829,-0.11328653158603708
2.521743153658062,-0.11252925587878318
2.5363086394827636,-0.11177581019930542
2.5509582549607996,-0.11102618143077786
2.5656924860216193,-0.11028035648515552
2.5805118214013865,-0.109538322303071
2.595416752659185,-0.10880006585373206
2.610407774193322,-0.1080655741348196
2.62548538325773,-0.10733483417238607
2.64065007997846,-0.10660783302075419
2.655902367370273,-0.10588455776241616
2.671242751353316,-0.1051649955079339
2.6866717407699157,-0.10444913339583856
2.7021898474014514,-0.10373695859253157
2.717797585985329,-0.10302845829218579
2.7334954742320576,-0.10232361971664716
2.749284032842421,-0.10162243011533653
2.7651637855247526,-0.10092487675547736
2.7811352590122937,-0.10023094697037416
2.7971989830806865,-0.09954062806256513
2.813355490565531,-0.09885390740047673
2.8296053173800644,-0.09817077236995309
2.845949002532937,-0.09749121038383568
2.8623870881460913,-0.09681520888186905
2.878920119472747,-0.0961427553306064
2.8955486449154755,-0.09547383722331637
2.9122732160444067,-0.09480844207988945
2.929094387615516,-0.09414655744674558
2.9460127175890265,-0.09348817089674197
2.963028767147915,-0.09283327002908166
2.9801431007165333,-0.0921818424692213
2.9973562859793157,-0.09153387586878238
3.014668893899627,-0.09088935790545934
3.0320814987386915,-0.09024827628293054
3.0495946780746417,-0.08961061873076925
3.067209012821679,-0.08897637300435463
3.08492508724934,-0.0883455268847838
3.1027434890018832,-0.08771806817878394
3.1206648091177662,-0.0870939847186257
3.13868964204927,-0.08647326436203567
3.156818585682205,-0.08585589499211103
3.175052241355745,-0.08524186451723348
3.193391213882376,-0.08463116087098442
3.211836111567954,-0.08402377201206016
3.2303875462318903,-0.08341968592418794
3.249046133227429,-0.08281889061604261
3.26781249146208,-0.08222137412116319
3.2866872434181342,-0.08162712449787077
3.3056710151733153,-0.08103612982918629
3.324764436421545,-0.08044837822274925
3.3439681404938377,-0.07986385781073677
3.3632827643792886,-0.07928255674978352
3.3827089487462287,-0.07870446322090131
3.402247337963458,-0.07812956542940032
3.4218985801216255,-0.07755785160481017
3.441663327054725,-0.07698931000080167
3.4615422343617173,-0.07642392889510936
3.4815359614282793,-0.07586169658945413
3.5016451714486623,-0.07530260140946715
3.521870531447711,-0.07474663170461333
3.542212712302975,-0.07419377584811608
3.5626723887669653,-0.07364402223688254
3.5832502394895362,-0.07309735929142913
3.603946947040396,-0.07255377545580784
3.6247631979317507,-0.07201325919753286
3.6456996826410633,-0.07147579900750839
3.666757095633976,-0.07094138339995597
3.687936135387333,-0.07041000091234335
3.7092375044123536,-0.06988164010531345
3.7306619092779316,-0.06935628956261404
3.7522100606340785,-0.06883393789102787
3.7738826732354807,-0.06831457372030376
3.795680465965228,-0.06779818570308753
3.817604161858648,-0.06728476251485423
3.83965448812729,-0.06677429285384064
3.861832176183047,-0.06626676544097845
3.884137961662419,-0.06576216901982782
3.906572584450914,-0.06526049235651189
3.9291367887075794,-0.06476172423965167
3.951831322889705,-0.0642658534803013
3.974656939777636,-0.06377286891188443
3.9976143964997464,-0.0632827593901307
4.020704454557553,-0.06279551379301328
4.0439278798509735,-0.06231112102068656
4.067285442703738,-0.06182956999542473
4.09077791788892,-0.06135084966156114
4.114406084654667,-0.060874948985427536
4.138170726750025,-0.06040185695529485
4.162072632450944,-0.05993156258131396
4.186112594586423,-0.0594640548954574
4.210291410564813,-0.05899932295146128
4.234609882400252,-0.0585373558247686
4.2590688167392905,-0.058078142612472225
4.283669024887633,-0.05762167243325916
4.308411322837052,-0.05716793442735528
4.333296531292455,-0.056716917756470586
4.358325475699109,-0.0562686116037453
4.383498986270024,-0.055823005173696136
4.408817898013471,-0.05538008769216422
4.434283050760709,-0.05493984840626212
4.459895289193826,-0.05450227658432298
4.485655462873756,-0.0540673615158494
4.511564426268465,-0.053635092511463374
4.537623038781288,-0.053205458902856724
4.5638321647794475,-0.05277845004274204
4.590192673622699,-0.052354055304804845
4.6167054396922,-0.05193226408365552
4.643371342419491,-0.05151306579478266
4.670191266315677,-0.05109644987450673
4.69716610100076,-0.05068240577993448
4.724296741233153,-0.05027092298891391
4.75158408693936,-0.04986199099999003
4.77902904324381,-0.04945559933236139
4.80663252049891,-0.04905173752583677
4.83439543431522,-0.04865039514079316
4.862318705591827,-0.04825156175813411
4.890403260546896,-0.04785522697924869
4.918650030748395,-0.047461380425971214
4.947059953144976,-0.04707001174054192
4.975633970097081,-0.046681110585567655
5.004373029408187,-0.04629466664398384
5.03327808435624,-0.04591066961901692
5.062350093725286,-0.04552910923414745
5.091590021837263,-0.04514997523307396
5.120998838584002,-0.04477325737967728
5.150577519459375,-0.04439894545798615
5.180327045591681,-0.04402702927214249
5.210248403776169,-0.043657498646368476
5.240342586507781,-0.043290343424933514
5.270610592014066,-0.04292555347212235
5.301053424288297,-0.042563118672203595
5.331672093122776,-0.04220302892939913
5.362467614142308,-0.0418452741678543
5.393441008837921,-0.04148984433160835
5.424593304600729,-0.04113672938456606
5.455925534756016,-0.04078591931046993
5.487438738597509,-0.040437404112872874
5.51913396142186,-0.04009117381511188
5.551012254563296,-0.0397472184602824
5.583074675428522,-0.039405528111213034
5.615322287531777,-0.03906609285044136
5.647756160530116,-0.03872890278019033
5.680377370258887,-0.038393948022345394
5.713186998767422,-0.038061218718432155
5.74618613435493,-0.03773070502959502
5.7793758716065735,-0.03740239713657656
5.812757311429815,-0.03707628523969709
5.8463315610909055,-0.036752359558835615
5.880099734251622,-0.036430610333411134
5.914062951006205,-0.03611102782236472
5.948222337918514,-0.03579360230414236
5.982579028059404,-0.03547832407667831
6.017134161044281,-0.035165183457379755
6.051888883070941,-0.03485417078311123
6.086844346957566,-0.03454527641018071
6.12200171218097,-0.03423849071432578
6.157362144915058,-0.03393380409070091
6.192926818069512,-0.03363120695386508
6.228696911328675,-0.03333068973777071
6.264673611190719,-0.03303224289575252
6.300858111006973,-0.032735856900517724
6.337251611021516,-0.032441522244136774
6.373855318410987,-0.032149229438034756
6.4106704473246285,-0.03185896901298351
6.447698218924566,-0.03157073151909455
6.484939861426288,-0.031284507525812764
6.5223966101394275,-0.031000287621910504
6.560069707508704,-0.030718062415482764
6.597960403155152,-0.030437822533942966
6.636069953917565,-0.03015955862401932
6.674399623894185,-0.029883261351752115
6.7129506844846425,-0.029608921402491557
6.751724414432098,-0.029336529480896555
6.790722099865702,-0.029066076310933803
6.829945034343229,-0.028797552635878
6.869394518893989,-0.028530949218312635
6.9090718620619835,-0.028266256840131405
6.948978379949321,-0.028003466302526963
6.989115396259839,-0.02774256842604778
7.029484242343055,-0.027483554050520827
7.070086257238302,-0.027226414035109857
7.110922787719148,-0.026971139258306923
7.151995188338072,-0.02671772061793817
7.19330482147139,-0.02646614903117024
7.234853057364459,-0.026216415434517425
7.276641274177094,-0.02596851078384967
7.318670858029327,-0.02572242605440086
7.360943203047355,-0.025478152240790135
7.403459711409791,-0.025235680356984008
7.446221793394177,-0.024995001436379106
7.489230867423758,-0.024756106531765153
7.532488360114542,-0.024518986715349134
7.5759957063225905,-0.02428363307876817
7.619754349191659,-0.024050036733102662
7.6637657402010335,-0.023818188808890542
7.708031339213687,-0.023588080456141993
7.7525526145247,-0.02335970284435493
7.797331042909967,-0.023133047162531083
7.842368109675186,-0.02290810461919276
7.887665308705097,-0.022684866442400534
7.933224142513083,-0.02246332387977103
7.979046122290974,-0.022243468198495972
8.025132767959184,-0.02202529068536158
8.07148560821712,-0.021808782646768693
8.11810618059391,-0.0215939354087535
8.164996031499358,-0.02138074031700915
8.212156716275297,-0.02116918873690754
8.259589799247138,-0.020959272053522285
8.307296853775776,-0.020750981671651948
8.355279462309772,-0.02054430901584413
8.403539216437848,-0.020339245530420044
8.45207771694168,-0.020135782679499788
8.500896573848978,-0.019933911947028364
8.549997406486925,-0.019733624836801987
8.599381843535864,-0.019534912872495362
8.649051523083333,-0.019337767597689404
8.699008092678392,-0.019142180575899587
8.749253209386282,-0.018948143390604917
8.799788539843393,-0.018755647645277443
8.850615760312508,-0.0185646849634126
8.901736556738468,-0.01837524698855969
8.953152624804051,-0.018187325384353404
9.004865669986232,-0.018000911834545677
9.056877407612749,-0.017815998043038205
9.109189562919012,-0.017632575733915464
9.161803871105295,-0.017450636651478443
9.214722077394347,-0.017270172560278685
9.26794593708924,-0.017091175245153137
9.321477215631607,-0.016913636511259388
9.375317688660196,-0.01673754818411155
9.429469142069783,-0.01656290210961657
9.483933372070394,-0.016389690154111163
9.538712185246876,-0.01621790420439931
9.593807398618857,-0.016047536167790057
9.64922083970099,-0.01587857797213607
9.704954346563575,-0.015711021565872584
9.761009767893535,-0.015544858918056863
9.817388963055734,-0.015380082018408152
9.87409380215466,-0.015216682877348097
9.931126166096416,-0.015054653526041796
9.988487946651174,-0.014893986016439004
10.046181046515898,-0.014734672421316077
10.104207379377405,-0.01457670483431842
10.162568869975964,-0.014420075370002953
10.22126745416898,-0.01426477616388173
10.280305078995381,-0.014110799372465153
10.339683702740022,-0.0139581371733065
10.399405294998822,-0.013806781765045973
10.459471836743937,-0.013656725367456025
10.51988532038954,-0.013507960221486481
10.58064774985797,-0.013360478589310124
10.641761140646059,-0.01321427275436916
10.703227519892145,-0.013069335021421321
10.765048926443153,-0.012925657716587085
10.827227410922392,-0.012783233187396542
10.88976503579742,-0.012642053802837321
10.952663875448525,-0.012502111953402367
11.015926016237598,-0.012363400051138064
11.07955355657718,-0.012225910529693176
11.143548607000248,-0.012089635844367395
11.207913290230044,-0.011954568472160977
11.27264974125066,-0.011820700911823794
11.337760107377704,-0.011688025683905645
11.403246548329589,-0.011556535330806153
11.469111236299243,-0.011426222416825001
11.535356356026004,-0.011297079528212954
11.60198410486826,-0.0111690992732224
11.668996692876163,-0.011042274282158843
11.736396342865124,-0.010916597207431962
11.804185290489363,-0.010792060723607558
11.872365784316157,-0.01066865752745923
11.940940085900484,-0.010546380338020305
12.009910469859877,-0.010425221896636402
12.07927922395006,-0.010305174967017485
12.14904864914065,-0.010186232335290826
12.219221059691662,-0.010068386810053447
12.289798783230115,-0.009951631222425306
12.360784160827304,-0.009835958426102282
12.43217954707653,-0.009721361297409224
12.50398731017103,-0.009607832735353572
12.576209831982732,-0.009495365661678478
12.648849508141078,-0.009383953020916623
12.721908748112574,-0.009273587780443708
12.795389975280779,-0.009164262930532067
12.869295627026515,-0.009055971484404719
12.943628154808923,-0.00894870647828884
13.018390024246562,-0.008842460971470022
13.093583715199413,-0.008737228046345817
13.16921172185095,-0.008633000808479962
13.245276552790939,-0.00852977238665621
13.321780731098753,-0.00842753593293213
13.39872679442685,-0.008326284622693346
13.476117295085178,-0.008226011654707105
13.553954800125615,-0.008126710251176448
13.632241891427332,-0.008028373657793747
13.710981165782252,-0.007930995143794715
13.790175234981259,-0.007834568002011976
13.869826725900918,-0.007739085548928579
13.949938280590414,-0.007644541124731734
14.030512556359417,-0.007550928093365937
14.11155222586599,-0.007458239842586538
14.19305997720548,-0.007366469784012583
14.275038513999476,-0.0072756113531800845
14.357490555485573,-0.007185658009594726
14.440418836607657,-0.007096603236784473
14.523826108106428,-0.007008440542352258
14.607715136610867,-0.006921163458028035
14.69208870472977,-0.006834765539721112
14.776949611144293,-0.006749240367571774
14.862300670700565,-0.006664581546003131
14.948144714503155,-0.006580782703772399
15.034484590009066,-0.00649783749402197
15.121323161121978,-0.006415739594330452
15.20866330828748,-0.0063344827067630316
15.296507928588378,-0.006254060557921967
15.384859935841034,-0.006174466898996344
15.473722260691797,-0.0060956955058119235
15.563097850714316,-0.0060177401788803694
15.652989670507395,-0.005940594743448135
15.743400701793119,-0.005864253049545257
15.834333943515999,-0.005788708972033388
15.925792411942234,-0.005713956410653832
16.01777914075986,-0.005639989290074901
16.110297181179458,-0.005566801559938907
16.203349602035154,-0.0054943871949089335
16.29693948988666,-0.005422740194714821
16.391069949121412,-0.005351854584199112
16.48574410205778,-0.0052817244133621065
16.580965089048426,-0.005212343757406829
16.676736068584557,-0.0051437067167832765
16.7730602174008,-0.005075807417232142
16.869940730580335,-0.0050086400098282675
16.967380821661152,-0.004942198671023246
17.065383722742364,-0.0048764776026878134
17.1639526845917,-0.004811471032153359
17.26309097675308,-0.004747173212253198
17.362801887655184,-0.004683578421363034
17.46308872472062,-0.004620680963440851
17.5639548144754,-0.004558475168066419
17.665403502659558,-0.004496955390479852
17.767438154337835,-0.004436116011619888
17.870062154011595,-0.004375951438161206
17.973278905730844,-0.00431645610255138
18.077091833207234,-0.004257624463046983
18.18150437992775,-0.004199451003749017
18.28652000926866,-0.004141930234637848
18.39214220461072,-0.004085056691607145
18.498374469454387,-0.00402882493649744
18.605220327536347,-0.003973229557128625
18.71268332294614,-0.003918265167332035
18.82076702024381,-0.0038639264069815745
18.929475004578283,-0.0038102079420240806
19.038810881805993,-0.0037571044645091393
19.14877827861082,-0.003704610692617798
19.259380842624058,-0.0036527213706908155
19.370622242545732,-0.003601431269255801
19.482506168266013,-0.0035507351850538054
19.595036330987718,-0.0035006279410649366
19.70821646334955,-0.003451104386533091
19.822050319549618,-0.003402159396990066
19.936541675470288,-0.0033537878742785146
20.0516943288031,-0.0033059847465743302
20.16751209917508,-0.0032587449684078652
20.283998828275138,-0.003212063520684523
20.401158379981613,-0.003165935410704285
20.518994640490586,-0.0031203556721803136
20.63751151844447,-0.003075319365256822
20.756712945062016,-0.003030821576525744
20.876602874268404,-0.0029868574190427336
20.99718528282652,-0.002943422032342037
21.118464170469004,-0.0029005105824504137
21.240443560030613,-0.002858118261900244
21.363127497582013,-0.0028162402897414255
21.48652005256363,-0.002774871911552542
21.61062531792099,-0.0027340083994507733
21.735447410240173,-0.002693645052101045
21.86099046988449,-0.0026537771947240055
21.98725866113196,-0.0026144001791029927
22.114256172313123,-0.0025755093835901064
22.24198721595032,-0.002537100213111039
22.370456028897078,-0.002499168099169077
22.49966687247899,-0.002461708499847839
22.629624032634762,-0.002424716899813147
22.760331820058504,-0.0023881888103136992
22.891794570342856,-0.002352119769180677
23.024016644122483,-0.00231650534082638
23.15700242721909,-0.0022813411162415985
23.290756330786508,-0.0022466227129920922
23.425282791457416,-0.0022123457752137427
23.560586271490152,-0.002178505973606821
23.696671258916876,-0.0021450990054289764
23.83354226769259,-0.002112120594487141
23.971203837844516,-0.0020795664911284007
24.109660535623092,-0.0020474324722295754
24.248916953653023,-0.0020157143411858374
24.388977711086035,-0.0019844079278980007
24.52984745375374,-0.001953509088758845
24.67153085432187,-0.001923013706638166
24.81403261244545,-0.0018929176908666682
24.957357454924313,-0.001863216977218812
25.1015101358603,-0.001833907527894326
25.24649543681454,-0.001804985331498724
25.39231816696648,-0.0017764464030224844
25.53898316327303,-0.0017482867838191974
25.68649529062917,-0.0017205025415824421
25.83485944202947,-0.001693089770321472
25.984080538730023,-0.0016660445903358158
26.13416353041212,-0.0016393631481885476
26.285113395346038,-0.0016130416166785044
26.43693514055635,-0.0015870761948112134
26.589633801988153,-0.0015614631077686368
26.743214444673743,-0.0015361986068777955
26.897682162901063,-0.0015112789695780685
27.05304208038222,-0.0014867004993874343
27.209299350423912,-0.001462459525867365
27.36645915609795,-0.001438552404586657
27.524526710413355,-0.001414975517083966
27.683507256489452,-0.001391725270829144
27.84340606772938,-0.0013687980991834564
28.004228447995466,-0.0013461904613584698
28.165979731784702,-0.0013238988423738723
28.328665284406153,-0.0013019197530139569
28.492290502158507,-0.0012802497297830313
28.65686081250926,-0.0012588853348595402
28.822381674274915,-0.0012378231560489946
28.988858577801643,-0.0012170598067357775
29.15629704514786,-0.0011965919258336457
29.324702630266938,-0.0011764161777351478
29.494080919191894,-0.001156529252259741
29.66443753022026,-0.0011369278646008285
29.835778114100627,-0.0011176087552681245
30.008108354220266,-0.001098568690045934
30.181433966793218,-0.0010798044599160186
30.355760701050382,-0.0010613128810135993
30.53109433942974,-0.0010430907945650299
30.707440697768646,-0.001025135066827657
30.884805625496313,-0.001007442589028617
31.063195005828003,-0.000990010277302401
31.2426147559604,-0.0009728350726272665
31.423070827267406,-0.000955913940760563
31.60456920549808,-0.0009392438721728102
31.78711591097466,-0.0009228218819807416
31.970716998792785,-0.0009066450098791079
32.155378559021884,-0.0008907103200714433
32.341106716907376,-0.0008750149011996467
32.52790763307405,-0.0008595558662724459
32.71578750372994,-0.0008443303525928064
32.90475256087241,-0.000829335521684149
33.09480907249429,-0.0008145685592155601
33.28596334279238,-0.0008000266749258209
33.47822171237604,-0.0007857071025464322
33.67159055847775,-0.0007716070997235118
33.86607629516482,-0.000757723947938623
34.06168537355167,-0.0007440549524285873
34.258424282014374,-0.0007305974421041782
34.45629954640542,-0.0007173487694678317
34.65531773027031,-0.0007043063105302843
34.85548543506556,-0.0006914674647261752
35.05680930037714,-0.0006788296548286779
35.25929600414128,-0.0006663903268641701
35.46295226286541,-0.0006541469500203423
35.66778483185152,-0.00064209701656463
35.87380050541975,-0.0006302380417502182
36.08100611713393,-0.0006185675637268551
36.28940854002852,-0.0006070831434495243
36.499014686836034,-0.0005957823645862082
36.70983151021696,-0.0005846628334246517
36.92186600298975,-0.000573722178778258
37.13512519836342,-0.0005629580518910037
37.349616170170265,-0.0005523681263415062
37.56534603310076,-0.0005419500979461511
37.78232194293977,-0.0005317016846613398
38.000551096803356,-0.0005216206264848983
38.22004073337817,-0.0005117046853565675
38.4407981331609,-0.000501951645057703
38.662830618700376,-0.0004923593111100816
38.88614555483998,-0.00048292551067392864
39.110750348962085,-0.0004736480924451022
39.33665245123407,-0.00046452492655147537
39.56385935485486,-0.00045555390444856035
39.79237859630409,-0.000446732938814312
40.02221775559149,-0.0004380599634429651
40.25338445650893,-0.0004295329331393467
40.485886366882774,-0.0004211498236099104
40.719731198828406,-0.00041290863135564623
40.95492670900633,-0.0004048073735629444
41.191480698878884,-0.00039684408799406335
41.42940101496967,-0.0003890168328768713
41.66869554912314,-0.0003813236867939654
41.90937223876708,-0.0003737627485710901
42.15143906717524,-0.000366332137164956
42.39490406373248,-0.00035902999155040485
42.639775304201294,-0.0003518544706069613
42.88606091098911,-0.0003448037530048121
43.1337690534184,-0.0003378760370901649
43.38290794799704,-0.00033106954077007176
43.63348585869114,-0.000324382501396675
43.88551109719938,-0.0003178131756509139
44.13899202322814,-0.0003113598394257255
44.39393704476947,-0.0003050207877087039
44.65035461837929,-0.0002987943344642985
44.90825324945859,-0.0002926788125154937
45.167641492534955,-0.0002866725734250579
45.42852795154656,-0.0002807739873763195
45.69092128012785,-0.0002749814430535061
45.954830181895964,-0.00026929334752168383
46.22026341074012,-0.0002637081261062621
46.487229771111274,-0.0002582242222721381
46.755738118314945,-0.00025284009750243624
47.02579735880421,-0.00024755423117691613
47.297416450475474,-0.00024236512045001856
47.57060440296588,-0.0002372712801285794
47.84537027795146,-0.00023227124254925318
48.12172318944854,-0.00022736355745560637
48.39967230411521,-0.00022254679187496
48.67922684155622,-0.00021781952999493488
48.96039607462808,-0.0002131803730397725
49.24318932974693,-0.0002086279391464003
49.52761598719823,-0.00020416086324027806
49.813685481447166,-0.00019977779691105453
50.10140730145242,-0.00019547740828800863
50.390790990980115,-0.00019125838191534235
50.68184614892118,-0.00018711941862728935
50.97458242960905,-0.00018305923542310192
51.26900954314018,-0.0001790765653418945
51.56513725569646,-0.00017517015733737356
51.86297538986845,-0.00017133877615248404
52.162533824982,-0.0001675812021939519
52.46382249742512,-0.00016389623140678018
52.76685140097842,-0.00016028267514867184
53.07163058714586,-0.000156739360064434
53.378170165488484,-0.00015326512796034754
53.68648030396006,-0.00014985883567852855
53.99657122924362,-0.00014651935497130982
54.30845322709154,-0.00014324557237562624
54.62213664266582,-0.00014003638908745736
54.93763188088218,-0.00013689072083630026
55.25494940675433,-0.00013380749775972916
55.57409974574149,-0.0001307856642780225
55.89509348409787,-0.00012782417896888603
56.217941269222955,-0.0001249220144422971
56.542653810015665,-0.00012207815721545538
56.86924187722872,-0.00011929160758789012
57.197716303826276,-0.00011656137951670612
57.52808798534361,-0.00011388650049199903
57.86036788024768,-0.00011126601141245929
58.19456701030159,-0.0001086989664611553
58.53069646092921,-0.00010618443298154061
58.86876738158385,-0.00010372149135366642
59.208790986117265,-0.00010130923487064319
59.550778553151936,-9.894676961534081e-05
59.89474142645558,-9.663321433735052e-05
60.240691015316585,-9.436770033022954e-05
60.58863879492339,-9.214937130902038e-05
60.938596306744174,-8.997738328808368e-05
61.290575158910656,-8.785090445923078e-05
61.64458702660229,-8.576911507019381e-05
62.00064365243388,-8.373120730342534e-05
62.35875684684547,-8.173638515524916e-05
62.718938488493244,-7.978386431537963e-05
63.081200524644494,-7.787287204680543e-05
63.44555497157295,-7.600264707055635e-05
63.81201391495837,-7.41724394316544e-05
64.1805895102865,-7.238151039716005e-05
64.55129398325269,-7.062913231660478e-05
64.92413963016779,-6.891458855591735e-05
65.29913881836514,-6.723717330718332e-05
65.67630398661179,-6.559619151711379e-05
66.0556476455201,-6.39909587596758e-05
66.43718237796372,-6.242080111986031e-05
66.82092083949411,-6.08850550779443e-05
67.20687575876062,-5.9383067394243605e-05
67.59505993793323,-5.791419499437163e-05
67.98548625312613,-5.647780485501999e-05
68.37816765482602,-5.507327389025625e-05
68.77311716832048,-5.369998883836634e-05
69.17034789413124,-5.235734614923267e-05
69.56987300844763,-5.1044751872274606e-05
69.97170576356416,-4.976162154494621e-05
70.37585948832044,-4.850738008180693e-05
70.78234758854238,-4.7281461664176746e-05
71.19118354748795,-4.608330963037393e-05
71.60238092629342,-4.491237636655706e-05
72.01595336442367,-4.376812319816769e-05
72.43191458012498,-4.265002028198736e-05
72.8502783708791,-4.1557546498819426e-05
73.27105861386204,-4.0490189346793995e-05
73.69426926640323,-3.944744483531542e-05
74.11992436644965,-3.842881737964696e-05
74.5480380330305,-3.7433819696151815e-05
74.97862446672582,-3.6461972698187846e-05
75.41169795013816,-3.551280539266611e-05
75.84727284836515,-3.458585477728357e-05
76.28536360947727,-3.368066573842729e-05
76.72598476499584,-3.279679094976697e-05
77.16915093037628,-3.193379077153069e-05
77.61487680549182,-3.109123315048019e-05
78.06317717512154,-3.0268693520582886e-05
78.51406690944133,-2.9465754704388858e-05
78.9675609645159,-2.8682006815121927e-05
79.42367438279628,-2.791704715948093e-05
79.88242229361741,-2.7170480141166364e-05
80.34381991370132,-2.6441917165126832e-05
80.8078825476607,-2.573097654253904e-05
81.27462558850708,-2.5037283396518056e-05
81.74406451816188,-2.4360469568565323e-05
82.21621490796879,-2.3700173525760018e-05
82.69109241921164,-2.3056040268691757e-05
83.16871280363253,-2.2427721240145268e-05
83.64909190395564,-2.181487423453287e-05
84.13224565441156,-2.1217163308085205e-05
84.61819008126638,-2.0634258689797e-05
85.10694130335374,-2.0065836693133426e-05
85.59851553260833,-1.9511579628501148e-05
86.092929074605,-1.897117571648178e-05
86.59019832909823,-1.8444319001835677e-05
87.09033979056755,-1.7930709268272243e-05
87.59337004876339,-1.7430051953994327e-05
88.09930578925787,-1.6942058068013622e-05
88.60816379399887,-1.646644410724059e-05
89.11996094186539,-1.6002931974351917e-05
89.63471420922885,-1.5551248896432297e-05
90.1524406705148,-1.5111127344396751e-05
90.6731574987707,-1.4682304953189177e-05
91.1968819662343,-1.4264524442762507e-05
91.72363144490704,-1.3857533539837332e-05
92.25342340713094,-1.34610849004406e-05
92.78627542616678,-1.3074936033226183e-05
93.32220517677857,-1.269884922357365e-05
93.86123043581841,-1.2332591458469363e-05
94.40336908281684,-1.197593435216601e-05
94.94863910057636,-1.1628654072621644e-05
95.49705857576667,-1.1290531268718827e-05
96.0486456995261,-1.09613509982599e-05
96.60341876806346,-1.0640902656741336e-05
97.16139618326655,-1.0328979906902232e-05
97.72259645331108,-1.0025380609049494e-05
98.28703819327525,-9.729906752155287e-06
98.85474012575779,-9.44236438572654e-06
99.42572108149761,-9.16256355244592e-06
100.0,-8.890318221579898e-06
