R2,IB
-10.0,-1.3923901789480304
-9.795938775510203,-1.3605077568353963
-9.591877551020408,-1.3278634320238183
-9.387816326530611,-1.294448016683468
-9.183755102040816,-1.2602517960226898
-8.97969387755102,-1.2252644989462063
-8.775632653061225,-1.189475261088596
-8.571571428571428,-1.152872586473869
-8.367510204081633,-1.1154443038385153
-8.163448979591836,-1.0771775247594881
-7.959387755102041,-1.0380585894408227
-7.755326530612244,-0.9980730082921454
-7.551265306122449,-0.9572054065244551
-7.347204081632652,-0.9154394502785657
-7.143142857142857,-0.8727577657992605
-6.93908163265306,-0.8291418658442176
-6.735020408163265,-0.7845720413541244
-6.530959183673469,-0.7390272575046826
-6.326897959183674,-0.692485037867451
-6.122836734693877,-0.6449213212104432
-5.918775510204081,-0.5963103085270394
-5.714714285714285,-0.546624284896561
-5.510653061224489,-0.4958334187581581
-5.306591836734693,-0.4439055309724278
-5.102530612244897,-0.3908058228288329
-4.898469387755101,-0.33649656743979683
-4.694408163265305,-0.2809367467224071
-4.4903469387755095,-0.22408162289240785
-4.286285714285714,-0.16588223663945634
-4.082224489795918,-0.10628480562598419
-3.8781632653061218,-0.04523000290291712
-3.674102040816326,0.017347914916774343
-3.47004081632653,0.0815221763688001
-3.265979591836734,0.14737481281829545
-3.061918367346938,0.21499831124378233
-2.857857142857142,0.28449770254636597
-2.6537959183673463,0.3559932551468581
-2.4497346938775504,0.4296239967176749
-2.2456734693877545,0.5055524171490173
-2.0416122448979586,0.5839708886909474
-1.8375510204081618,0.6651106743250637
-1.6334897959183667,0.7492549697321689
-1.42942857142857,0.8367585324850522
-1.225367346938775,0.9280786726287786
-1.0213061224489781,1.0238272670750304
-0.8172448979591831,1.1248653986836619
-0.6131836734693863,1.2324961630434332
-0.40912244897959127,1.348930963711119
-0.20506122448979447,1.4788193903524918
-0.001,1.643459623458859
0.0,1.6449340668482266
0.001,1.5967380489776435
0.0010057759593016333,1.5966026076693876
0.001011585280309121,1.5964667941681976
0.001017428155718318,1.596330607494893
0.0010233047793380837,1.5961940466679445
0.0010292153460967075,1.5960571107034671
0.0010351600520483787,1.5959197986152187
0.0010411390943796867,1.5957821094145934
0.0010471526714161633,1.5956440421106168
0.0010532009826288598,1.5955055957099449
0.0010592842286409644,1.5953667692168545
0.0010654026112344578,1.5952275616332432
0.001071556333356802,1.5950879719586235
0.0010777455991276784,1.5949479991901168
0.0010839706138457542,1.5948076423224504
0.001090231583995494,1.594666900347954
0.0010965287172540073,1.5945257722565531
0.0011028622224979398,1.5943842570357656
0.0011092323098103969,1.5942423536706987
0.0011156391904879185,1.5941000611440412
0.001122083077047484,1.5939573784360617
0.0011285641832335619,1.5938143045246025
0.0011350827240252,1.5936708383850777
0.0011416389156431567,1.5935269789904654
0.0011482329755570736,1.5933827253113055
0.0011548651224926848,1.5932380763156948
0.0011615355764390783,1.5930930309692806
0.0011682445586559897,1.592947588235261
0.0011749922916811414,1.5928017470743758
0.0011817789993376247,1.592655506444901
0.0011886049067413237,1.5925088653026518
0.0011954702403083846,1.592361822600969
0.0012023752277627198,1.5922143772907213
0.0012093200981435695,1.5920665283202984
0.001216305081813094,1.591918274635604
0.0012233304104640164,1.5917696151800562
0.001230396317127307,1.5916205488945796
0.0012375030361799152,1.5914710747176022
0.0012446508033525383,1.5913211915850503
0.0012518398557374477,1.5911708984303436
0.00125907043179635,1.5910201941843938
0.0012663427713682956,1.5908690777755947
0.0012736571156776364,1.5907175481298226
0.0012810137073420262,1.5905656041704295
0.0012884127903804697,1.5904132448182395
0.0012958546102214113,1.590260468991543
0.001303339413710884,1.5901072756060952
0.001310867449120693,1.5899536635751073
0.00131843896615665,1.5897996318092462
0.0013260542159668585,1.5896451792166266
0.0013337134511500438,1.5894903047028104
0.0013414169257639273,1.5893350071707968
0.0013491648953336622,1.5891792855210236
0.0013569576168603018,1.5890231386513598
0.0013647953488293283,1.5888665654571
0.0013726783512192251,1.5887095648309628
0.0013806068855101005,1.5885521356630856
0.0013885812146923631,1.588394276841017
0.0013966016032754389,1.5882359872497176
0.0014046683172965538,1.5880772657715505
0.0014127816243295526,1.5879181112862806
0.0014209417934937757,1.5877585226710689
0.0014291490954629856,1.5875984988004663
0.001437403802474346,1.5874380385464122
0.0014457061883374523,1.5872771407782282
0.001454056528443409,1.5871158043626132
0.0014624550997739726,1.58695402816364
0.0014709021809107333,1.5867918110427517
0.0014793980520443574,1.5866291518587552
0.0014879429949838814,1.586466049467817
0.0014965372931660587,1.5863025027234616
0.0015051812316647642,1.5861385104765628
0.0015138750972004422,1.585974071575343
0.0015226191781496283,1.5858091848653662
0.001531413764554507,1.5856438491895348
0.001540259148132535,1.5854780633880856
0.0015491556222861171,1.585311826298583
0.0015581034821123383,1.5851451367559186
0.001567103024412754,1.584977993592303
0.0015761545477032287,1.584810395637263
0.0015852583522238469,1.5846423417176376
0.0015944147399488662,1.584473830657572
0.0016036240145967354,1.5843048612785158
0.001612886481640168,1.584135432399215
0.001622202448316278,1.583965542835712
0.001631572223636763,1.5837951914013366
0.0016409961183981644,1.583624376906706
0.0016504744451921705,1.5834530981597161
0.0016600075184159864,1.5832813539655406
0.0016695956542827626,1.5831091431266255
0.0016792391708320838,1.5829364644426835
0.0016889383879405203,1.582763316710691
0.0016986936273322311,1.5825896987248835
0.0017085052125896461,1.582415609276751
0.0017183734691641923,1.5822410471550343
0.0017282987243870914,1.582066011145719
0.0017382813074802161,1.581890500032033
0.0017483215495670138,1.5817145125944412
0.0017584197836834814,1.5815380476106413
0.0017685763447892243,1.581361103855559
0.0017787915697785584,1.581183680101345
0.0017890657974916878,1.5810057751173687
0.0017993993687259442,1.5808273876702168
0.00180979262624709,1.5806485165236852
0.0018202459148006912,1.5804691604387773
0.0018307595811235446,1.5802893181736992
0.0018413339739551896,1.5801089884838553
0.0018519694440494697,1.5799281701218433
0.001862666344186168,1.579746861837452
0.0018734250291827096,1.5795650623776532
0.0018842458559059302,1.579382770486601
0.0018951291832839162,1.579199984905627
0.001906075372317902,1.579016704373234
0.0019170847860942558,1.5788329276250932
0.0019281577897965168,1.5786486533940407
0.0019392947507175088,1.5784638804100706
0.0019504960382715245,1.5782786074003337
0.001961762024006578,1.5780928330891315
0.001973093081616732,1.5779065561979129
0.0019844895869544845,1.5777197754452683
0.001995951918043249,1.5775324895469283
0.002007480455089884,1.577344697215756
0.0020190755804973077,1.5771563971617457
0.002030737678877182,1.5769675880920162
0.00204246713706267,1.5767782687108098
0.0020542643441212698,1.5765884377194852
0.002066129691367711,1.5763980938165136
0.0020780635723769473,1.5762072356974768
0.002090066382997203,1.5760158620550595
0.002102138521363107,1.5758239715790492
0.0021142803879088965,1.5756315629563284
0.002126492385381702,1.5754386348708722
0.0021387749188549,1.5752451860037453
0.00215112839574156,1.5750512150330949
0.0021635532258079512,1.5748567206341482
0.002176049821187136,1.5746617014792095
0.002188618596392639,1.5744661562376536
0.0022012599683322036,1.5742700835759238
0.002213974356321605,1.5740734821575266
0.0022267621820985786,1.5738763506430278
0.0022396238698367964,1.5736786876900484
0.0022525598461599406,1.5734804919532612
0.002265570540155854,1.5732817620843862
0.0022786563833907736,1.5730824967321855
0.0022918178099236484,1.5728826945424625
0.002305055256320526,1.572682354158054
0.0023183691616690495,1.5724814742188273
0.002331759967593012,1.5722800533615144
0.002345228118267007,1.5720780902205262
0.0023587740604311637,1.5718755834263072
0.0023723982434059624,1.5716725316069744
0.002386101119107144,1.5714689333874907
0.002399883142060689,1.5712647873898282
0.0024137447694179076,1.571060092232959
0.002427686460970596,1.570854846532857
0.0024417086791662886,1.5706490489024896
0.002455811889123598,1.570442697951817
0.0024699965586476432,1.570235792287786
0.0024842631582455694,1.5700283305143274
0.002498612161142143,1.5698203112323508
0.0025130440432954665,1.5696117330397423
0.0025275592834127533,1.5694025945313592
0.002542158362966211,1.569192894299027
0.0025568417662090105,1.5689826309315364
0.0025716099801913503,1.5687718030146358
0.0025864634947766127,1.5685604091310328
0.0026014028026576028,1.5683484478603864
0.002616428399372908,1.5681359177793042
0.0026315407833233237,1.567922817461339
0.002646740455788388,1.5677091454769851
0.002662027920943008,1.567494900393675
0.002677403685874187,1.5672800807757734
0.002692868260597842,1.5670646851845749
0.0027084221580757155,1.5668487121783023
0.002724065894232403,1.5666321603120992
0.002739799987972457,1.566415028138029
0.0027556249611976015,1.5661973142050694
0.0027715413388240467,1.5659790170591101
0.002787549648799889,1.565760135242948
0.0028036504221226398,1.5655406672962842
0.0028198441928568275,1.565320611755722
0.0028361314981517156,1.5650999671547583
0.0028525128782591206,1.564878732023786
0.0028689888765513305,1.5646569048900865
0.002885560039539133,1.5644344842778273
0.0029022269168899302,1.5642114687080586
0.0029189900614459917,1.5639878566987089
0.002935850029242776,1.5637636467645828
0.0029528073795273817,1.5635388374173567
0.0029698626747770946,1.5633134271655749
0.0029870164807180473,1.5630874145146467
0.003004269366343986,1.5628607979668425
0.003021621903935133,1.5626335760212917
0.003039074669077186,1.562405747173976
0.003056628240680401,1.5621773099177307
0.003074283200998794,1.5619482627422356
0.0030920401356494586,1.5617186041340183
0.0031098996336319865,1.5614883325764433
0.003127862287348013,1.5612574465497158
0.003145928692620849,1.561025944530873
0.0031640994487152677,1.5607938249937838
0.003182375158357368,1.5605610864091437
0.003200756427754569,1.5603277272444729
0.003219243866615721,1.5600937459641127
0.0032378380881713264,1.5598591410292202
0.0032565397091938856,1.559623910897769
0.0032753493500183428,1.559388054024542
0.00329426763456268,1.5591515688611308
0.0033132951903486023,1.558914453855931
0.003332432648522353,1.5586767074541394
0.0033516806438756565,1.558438328097752
0.003371039814866751,1.5581993142255604
0.0033905108036416105,1.5579596642731457
0.003410094256055193,1.5577193766728799
0.0034297908216929015,1.5574784498539194
0.0034496011538921157,1.5572368822422047
0.003469525909763864,1.556994672260456
0.003489565750214626,1.5567518183281672
0.0035097213399682362,1.5565083188616098
0.0035299933475879705,1.5562641722738226
0.003550382445498675,1.5560193769746147
0.0035708893100091094,1.5557739313705572
0.00359151462133436,1.5555278338649847
0.0036122590636184083,1.5552810828579904
0.003633123324956828,1.5550336767464221
0.0036541080974195903,1.5547856139238825
0.0036752140770740585,1.5545368927807228
0.0036964419640080283,1.5542875117040431
0.0037177924623529885,1.5540374690776864
0.003739266280307459,1.5537867632822389
0.003760864130160485,1.5535353926950244
0.0037825867283152684,1.553283355690104
0.0038044347953129164,1.5530306506382714
0.003826409055856362,1.5527772759070524
0.0038485102388343896,1.552523229860699
0.003870739077345816,1.5522685108601906
0.0038930963087238078,1.5520131172632285
0.0039155826745603355,1.5517570474242333
0.003938198920730781,1.551500299694345
0.0039609457974186585,1.5512428724214178
0.0039838240591405245,1.550984763950018
0.004006834464770988,1.5507259726214229
0.004029977777567887,1.5504664967736148
0.004053254765197607,1.5502063347412856
0.004076666199760539,1.5499454848558256
0.0041002128578167055,1.5496839454453262
0.004123895520411489,1.5494217148345784
0.0041477149731015735,1.5491587913450664
0.0041716720059809835,1.548895173294969
0.004195767413707294,1.5486308589991546
0.004220001995527987,1.5483658467691803
0.004244376555306967,1.5481001349132895
0.004268891901551232,1.54783372173641
0.004293548847437665,1.547566605540151
0.0043183482108400395,1.5472987846228003
0.0043432908143561325,1.5470302572793238
0.004368377485335012,1.546761021801363
0.004393609055904483,1.5464910764772315
0.004418986362998671,1.546220419591915
0.004444510248385829,1.5459490494270673
0.004470181558696198,1.5456769642610095
0.004496001145450139,1.545404162368728
0.0045219698650863565,1.5451306420218704
0.0045480885789903076,1.5448564014887474
0.0045743581535227845,1.5445814390343275
0.004600779460048622,1.5443057529202373
0.004627353374965658,1.544029341404758
0.004654080779733736,1.5437522027428245
0.004680962560903992,1.5434743351860232
0.004707999610148244,1.543195736982591
0.004735192824288565,1.542916406377413
0.004762543105327048,1.5426363416120195
0.004790051360475692,1.5423555409245868
0.004817718502186532,1.5420740025499344
0.004845545448181888,1.5417917247195234
0.004873533121484802,1.5415087056614534
0.00490168245044966,1.5412249436004637
0.004929994368792988,1.5409404367579307
0.004958469815624424,1.5406551833518651
0.004987109735477848,1.540369181596912
0.005015915078342747,1.540082429704349
0.005044886799695705,1.5397949258820849
0.005074025860532095,1.5395066683346579
0.005103333227397963,1.5392176552632348
0.005132809872422087,1.5389278848656098
0.005162456773348225,1.5386373553362014
0.005192274913567526,1.5383460648660547
0.005222265282151184,1.5380540116428365
0.005252428873883223,1.5377611938508375
0.005282766689293496,1.5374676096709674
0.00531327973469088,1.5371732572807575
0.005343969022196648,1.536878134854358
0.005374835569778051,1.5365822405625356
0.005405880401282061,1.5362855725726747
0.005437104546469363,1.5359881290487762
0.005468509041048496,1.5356899081514566
0.0055000949267102065,1.535390908037943
0.005531863251162011,1.5350911268620804
0.005563815068162918,1.5347905627743235
0.005595951437558448,1.5344892139217392
0.005628273425315702,1.5341870784480056
0.0056607821035587905,1.5338841544934116
0.005693478550604361,1.5335804401948545
0.005726363850997374,1.533275933685842
0.005759439095547086,1.532970633096488
0.005792705381363196,1.5326645365535176
0.005826163811892308,1.53235764218026
0.005859815496954448,1.5320499480966532
0.005893661552779937,1.5317414524192408
0.005927703102046396,1.5314321532611734
0.005961941273915982,1.5311220487322061
0.005996377204072855,1.5308111369386996
0.006031012034760815,1.530499415983621
0.006065846914821262,1.5301868839665407
0.006100882999731208,1.5298735389836349
0.006136121451641682,1.5295593791276838
0.006171563439416244,1.5292444024880725
0.006207210138669761,1.5289286071507893
0.00624306273180741,1.528611991198429
0.006279122408063874,1.5282945527101885
0.006315390363542826,1.5279762897618707
0.0063518678012565765,1.5276572004258824
0.00638855593116599,1.527337282771236
0.006425455970220614,1.5270165348635474
0.006462569142399045,1.5266949547650381
0.006499896678749541,1.526372540534534
0.00653743981743082,1.526049290227471
0.006575199803753178,1.5257252018958858
0.006613177890219765,1.525400273588425
0.0066513753365681355,1.5250745033503408
0.006689793409812041,1.5247478892234931
0.006728433384283451,1.5244204292463488
0.006767296541674831,1.5240921214539849
0.006806384171081628,1.5237629638780872
0.006845697569045078,1.5234329545469518
0.006885238039595173,1.5231020914854854
0.006925006894293933,1.5227703727152053
0.006965005452278905,1.5224377962542421
0.007005235040306923,1.5221043601173385
0.0070456969927981195,1.5217700623158532
0.007086392651880162,1.5214349008577577
0.007127323367432816,1.5210988737476412
0.007168490497132689,1.5207619789867097
0.0072098954064982726,1.5204242145727873
0.007251539468935248,1.520085578500318
0.0072934240657819985,1.5197460687603652
0.007335550586355517,1.519405683340616
0.0073779204279973785,1.5190644202253802
0.0074205349961201815,1.5187222773955915
0.007463395704254118,1.5183792528288111
0.007506503974093875,1.5180353444992267
0.007549861235545799,1.5176905503776552
0.007593468926775283,1.5173448684315445
0.007637328494254562,1.516998296624975
0.0076814413928105825,1.5166508329186608
0.007725809085673338,1.5163024752699517
0.007770433044524377,1.5159532216328353
0.007815314749545617,1.5156030699579388
0.007860455689468455,1.5152520181925302
0.007905857361623119,1.5149000642805208
0.007951521271988372,1.514547206162468
0.00799744893524145,1.5141934417755756
0.008043641874808296,1.5138387690536972
0.008090101622914103,1.513483185927338
0.008136829720634132,1.5131266903236578
0.008183827717944844,1.5127692801664718
0.008231097173775273,1.5124109533762542
0.00827863965605879,1.5120517078701396
0.008326456741785072,1.5116915415619265
0.008374550017052434,1.511330452362079
0.008422921077120423,1.510968438177731
0.00847157152646274,1.5106054969126854
0.008520502978820474,1.510241626467421
0.008569717057255587,1.5098768247390928
0.008619215394204809,1.509511089621534
0.008668999631533747,1.5091444190052619
0.008719071420591362,1.5087768107774777
0.008769432422264732,1.508408262822072
0.008820084307034157,1.508038773019626
0.008871028755028572,1.5076683392474162
0.008922267456081236,1.507296959379416
0.00897380210978585,1.5069246312863003
0.009025634425552886,1.5065513528354475
0.0090777661226663,1.5061771218909448
0.009130198930340576,1.50580193631359
0.009182934587778031,1.5054257939608948
0.009235974844226608,1.5050486926870903
0.009289321459037771,1.504670630343128
0.009342976201724962,1.5042916047766874
0.009396940852022254,1.5039116138321733
0.009451217199943391,1.5035306553507277
0.009505807045841173,1.5031487271702277
0.009560712200467121,1.5027658271252902
0.009615934485031659,1.5023819530472797
0.009671475731264374,1.5019971027643084
0.009727337781474893,1.5016112741012413
0.009783522488613933,1.5012244648797024
0.009840031716334782,1.5008366729180764
0.009896867339055124,1.500447896031514
0.00995403124201916,1.5000581320319386
0.010011525321360262,1.4996673787280455
0.01006935148416371,1.4992756339253124
0.01012751164853008,1.4988828954260007
0.010186007743638809,1.4984891610291609
0.010244841709812194,1.4980944285306361
0.010304015498579747,1.4976986957230718
0.010363531072742942,1.4973019603959132
0.010423390406440325,1.4969042203354166
0.01048359548521296,1.4965054733246517
0.010544148306070337,1.4961057171435066
0.010605050877556593,1.4957049495686952
0.01066630521981711,1.4953031683737597
0.010727913364665574,1.4949003713290767
0.010789877355651331,1.4944965562018653
0.010852199248127196,1.4940917207561888
0.010914881109317594,1.4936858627529634
0.01097792501838718,1.4932789799499613
0.011041333066509772,1.4928710701018184
0.011105107356937713,1.4924621309600397
0.011169250005071654,1.4920521602730052
0.011233763138530722,1.4916411557859743
0.011298648897223065,1.4912291152410957
0.01136390943341687,1.4908160363774088
0.011429546911811734,1.4904019169308538
0.011495563509610476,1.4899867546342755
0.011561961416591326,1.489570547217433
0.011628742835180615,1.489153292407
0.011695909980525785,1.488734987926579
0.011763465080568868,1.4883156314967028
0.01183141037612042,1.4878952208348413
0.011899748120933815,1.4874737536554126
0.011968480581780024,1.4870512276697843
0.012037610038522774,1.4866276405862842
0.012107138784194216,1.4862029901102072
0.012177069125070956,1.4857772739438195
0.012247403380750541,1.4853504897863699
0.012318143884228444,1.4849226353340936
0.012389292981975417,1.4844937082802225
0.012460853034015321,1.4840637063149893
0.012532826414003427,1.4836326271256393
0.012605215509305148,1.4832004683964344
0.01267802272107522,1.4827672278086625
0.012751250464337333,1.4823329030406456
0.01282490116806428,1.481897491767747
0.012898977275258496,1.4814609916623793
0.012973481243033083,1.481023400394013
0.013048415542693346,1.480584715629185
0.01312378265981875,1.4801449350315043
0.013199585094345346,1.4797040562616666
0.013275825360648731,1.4792620769774534
0.01335250598762743,1.4788189948337496
0.01342962951878679,1.4783748074825476
0.013507198512323317,1.4779295125729555
0.01358521554120958,1.4774831077512083
0.01366368319327953,1.4770355906606756
0.013742604071314326,1.4765869589418708
0.0138219807931287,1.4761372102324595
0.013901815991657776,1.475686342167271
0.013982112315044388,1.4752343523783045
0.014062872426726951,1.4747812384947416
0.014144099005527789,1.4743269981429525
0.014225794745741998,1.473871628946509
0.014307962357226794,1.473415128526192
0.014390604565491438,1.4729574945000021
0.014473724111787623,1.4724987244831689
0.01455732375320038,1.4720388160881612
0.014641406262739565,1.4715777669246985
0.014725974429431837,1.4711155745997595
0.014811031058413129,1.470652236717593
0.014896578971021751,1.4701877508797279
0.01498262100489194,1.4697221146849844
0.015069160014048002,1.469255325729484
0.015156198868998945,1.468787381606661
0.015243740456833745,1.4683182799072731
0.015331787681317087,1.4678480182194105
0.01542034346298566,1.4673765941285113
0.015509410739245073,1.4669040052173665
0.015598992464467276,1.4664302490661372
0.015689091610088527,1.4659553232523619
0.015779711164707996,1.46547922535097
0.015870854134186877,1.465001952934293
0.01596252354174811,1.4645235035720745
0.016054722428076613,1.464043874831486
0.016147453851420204,1.4635630642771333
0.016240720887691018,1.463081069471073
0.01633452663056751,1.4625978879728234
0.016428874191597116,1.462113517339375
0.016523766700299442,1.4616279551252047
0.016619207304270057,1.4611411988822882
0.01671519916928493,1.460653246160112
0.016811745479405418,1.4601640945056849
0.01690884943708389,1.4596737414635539
0.017006514263269934,1.4591821845758133
0.017104743197517227,1.458689421382121
0.01720353949809099,1.4581954494197096
0.017302906442076004,1.457700266223401
0.017402847325485405,1.4572038693256182
0.017503365463369957,1.4567062562563993
0.017604464189927997,1.4562074245434131
0.017706146858616083,1.4557073717119693
0.017808416842260196,1.4552060952850354
0.01791127753316762,1.4547035927832486
0.01801473234323946,1.4541998617249308
0.01811878470408383,1.4536948996261037
0.018223438067129685,1.453188704000501
0.01832869590374126,1.4526812723595837
0.018434561705333287,1.4521726022125556
0.01854103898348675,1.4516626910663772
0.018648131270065368,1.4511515364257803
0.018755842117332784,1.4506391357932826
0.018864175098070358,1.4501254866692046
0.018973133805695708,1.4496105865516822
0.01908272185438185,1.4490944329366844
0.019192942879177152,1.4485770233180262
0.019303800536125862,1.4480583551873878
0.019415298502389374,1.4475384260343254
0.01952744047636824,1.4470172333462918
0.019640230177824812,1.4464947746086485
0.01975367134800665,1.4459710473046852
0.019867767749770577,1.4454460489156327
0.019982523167707558,1.4449197769206816
0.020097941408268195,1.4443922287969972
0.020214026299888964,1.443863402019738
0.02033078169311927,1.443333294062071
0.02044821146074913,1.4428019023951868
0.02056631949793761,1.4422692244883215
0.02068510972234209,1.441735257808769
0.020804586074248156,1.4411999998219007
0.020924752516700354,1.4406634479911826
0.021045613035633567,1.4401255997781925
0.02116717164000531,1.439586452642637
0.021289432361928682,1.439046004042371
0.021412399256806058,1.438504251433414
0.021536076403463694,1.4379611922699698
0.02166046790428698,1.4374168240044192
0.02178557788535648,1.4368711440874564
0.021911410496584863,1.4363241499678756
0.02203796991185452,1.43577583909282
0.022165260329156024,1.4352262089076848
0.02229328597072734,1.4346752568561616
0.022422051083193933,1.4341229803802547
0.022551559937709617,1.4335693769203017
0.022681816830098175,1.4330144439149928
0.022812826080995927,1.4324581788013895
0.022944592035995012,1.4319005790149455
0.0230771190657875,1.4313416419895253
0.023210411566310436,1.4307813651574253
0.023344473958891606,1.4302197459493924
0.023479310690396216,1.429656781794646
0.023614926233374352,1.4290924701208965
0.023751325086209397,1.4285268083543674
0.02388851177326722,1.4279597939198154
0.0240264908450462,1.4273914242405503
0.024165266878328255,1.426821696738458
0.024304844476330602,1.4262506088340197
0.024445228268858418,1.4256781579463347
0.02458642291245848,1.4251043414931404
0.024728433090573588,1.4245291568908347
0.02487126351369792,1.423952601554498
0.02501491891953324,1.4233746728979155
0.02515940407314612,1.4227953683335968
0.025304723767125975,1.4222146852728006
0.02545088282174397,1.4216326211255568
0.025597886085113004,1.4210491733006883
0.025745738433348476,1.4204643392058327
0.025894444770729996,1.4198781162474692
0.026044010029864128,1.4192905018309354
0.026194439171847952,1.418701493360457
0.02634573718643367,1.4181110882391648
0.026497909092194044,1.4175192838691242
0.026650959936688937,1.416926077651355
0.026804894796632728,1.4163314669858555
0.026959718778062646,1.4157354492716285
0.027115437016508218,1.4151380219067033
0.027272054677161584,1.4145391822881614
0.02742957695504879,1.41393892781216
0.027588009075202174,1.4133372558739572
0.027747356292833637,1.4127341638679378
0.027907623893508978,1.4121296491876358
0.028068817193323176,1.4115237092257618
0.0282309415390768,1.4109163413742267
0.028394002308453313,1.4103075430241687
0.028558004910197426,1.409697311565979
0.028722954784294572,1.4090856443893252
0.02888885740215133,1.4084725388831796
0.029055718266776845,1.4078579924358456
0.029223542912965476,1.407242002434982
0.0293923369074803,1.406624566267632
0.029562105849237817,1.406005681320247
0.029732855369493594,1.4053853449787175
0.029904591132029142,1.4047635546283959
0.030077318833339747,1.4041403076541252
0.030251044202823367,1.4035156014402694
0.030425773002970787,1.4028894333707356
0.0306015110295567,1.402261800829007
0.030778264111831904,1.4016327011981677
0.030956038112716768,1.4010021318609316
0.031134838928995632,1.4003700901996696
0.03131467249151244,1.399736573596442
0.031495544765367395,1.3991015794330228
0.031677461750114926,1.3984651050909291
0.031860429479962656,1.3978271479514544
0.032044454023971485,1.3971877053956927
0.03222954148625701,1.3965467748045692
0.03241569800619193,1.3959043535588729
0.032602929758609754,1.3952604390392815
0.032791242954009495,1.3946150286263965
0.03298064383876183,1.3939681197007696
0.033171138695316196,1.3933197096429344
0.03336273384240918,1.392669795833437
0.03355543563527416,1.3920183756528668
0.0337492504658521,1.3913654464818876
0.033944184763003496,1.390711005701268
0.03414024499272173,1.3900550506919118
0.034337437658347486,1.3893975788348936
0.03453576930078449,1.3887385875114862
0.03473524649871642,1.3880780741031937
0.03493587586882521,1.3874160359917844
0.03513766406601048,1.386752470559323
0.03534061778361022,1.3860873751882021
0.03554474375362294,1.3854207472611757
0.03575004874693087,1.3847525841613928
0.03595653957352455,1.3840828832724277
0.0361642230827288,1.3834116419783176
0.036373106163429834,1.3827388576635915
0.03658319574430381,1.3820645277133077
0.0367944987940466,1.3813886495130852
0.037007022321605014,1.3807112204491392
0.037220773376409264,1.3800322379083143
0.03743575904860672,1.3793516992781205
0.037651986469297224,1.3786696019467664
0.03786946281076956,1.3779859433031945
0.03808819528673928,1.377300720737118
0.038308191152588156,1.3766139316390529
0.038529457705604696,1.3759255734003566
0.038752002285226295,1.375235643413262
0.038975832273282565,1.3745441390709139
0.03920095509424033,1.373851057767406
0.039427378215449845,1.3731563968978147
0.03965510914739239,1.3724601538582397
0.03988415544392956,1.3717623260458374
0.040114524702553736,1.3710629108588583
0.04034622456464006,1.3703619056966867
0.040579262715699976,1.369659307959876
0.04081364688563615,1.368955115050187
0.041049384848998845,1.3682493243706246
0.04128648442524375,1.3675419333254792
0.041524953478991475,1.3668329393203613
0.04176479992028837,1.3661223397622424
0.04200603170486882,1.3654101320594914
0.042248656834419265,1.364696313621918
0.042492683356843565,1.363980881860806
0.042738119366529895,1.3632638341889582
0.04298497300461932,1.3625451680207332
0.04323325245927581,1.361824880772085
0.043482965965957854,1.3611029698606043
0.04373412180769153,1.3603794327055583
0.04398672831534544,1.3596542667279323
0.0442407938679069,1.3589274693504683
0.04449632689275988,1.3581990379977082
0.04475333586596464,1.3574689700960332
0.045011829312538804,1.3567372630737073
0.0452718158067401,1.356003914360918
0.04553330397235087,1.3552689213898157
0.045796302482964076,1.354532281594562
0.04606082006227099,1.353793992411365
0.04632686548435053,1.3530540512785285
0.04659444757396038,1.3523124556364887
0.04686357520682969,1.351569202927862
0.047134257309953374,1.3508242905974863
0.04740650286188838,1.350077716092465
0.047680320893051444,1.3493294768622104
0.047955720486018524,1.3485795703584877
0.048232710775826276,1.3478279940354605
0.04851130095027491,1.3470747453497336
0.04879150025023301,1.346319821760399
0.04907331796994399,1.345563220729081
0.0493567634573345,1.3448049397199797
0.049641846114324435,1.3440449761999178
0.04992857539713872,1.343283327638388
0.05021696081662113,1.3425199915075954
0.05050701193854968,1.3417549652825054
0.05079873838395385,1.3409882464408915
0.05109214982943389,1.34021983246338
0.05138725600748166,1.3394497208334977
0.05168406670680352,1.3386779090377194
0.05198259177264492,1.3379043945655145
0.05228284110711714,1.3371291749093954
0.05258482466952564,1.3363522475649658
0.05288855247670035,1.3355736100309679
0.05319403460332807,1.3347932598093308
0.05350128118228657,1.3340111944052206
0.053810302404980734,1.3332274113270886
0.054121108521680485,1.3324419080867185
0.054433709841861,1.3316546821992796
0.054748116734544536,1.3308657311833738
0.05506433962864434,1.330075052561086
0.05538238901331071,1.3292826438580356
0.055702275438278846,1.3284885026034248
0.05602400951421872,1.3276926263300914
0.05634760191308717,1.3268950125745584
0.0566730633684818,1.3260956588770867
0.057000404675997075,1.3252945627817239
0.057329636693582264,1.3244917218363599
0.057660770341901826,1.3236871335927747
0.05799381660469751,1.322880795606695
0.05832878652915264,1.3220727054378432
0.058665691226258684,1.3212628606499914
0.05900454187118378,1.3204512588110155
0.05934534970364326,1.3196378974929475
0.059688126028272705,1.3188227742720295
0.06003288221500277,1.3180058867287656
0.06037962969943641,1.3171872324479807
0.06072837998322805,1.3163668090188694
0.0610791446344653,1.315544614035055
0.06143193528805258,1.3147206450946418
0.061786763646096955,1.3138948998002715
0.06214364147829645,1.3130673757591784
0.06250258062233043,1.3122380705832444
0.06286359298425206,1.3114069818890575
0.06322669053888355,1.310574107297964
0.06359188533021311,1.3097394444361297
0.06395918947179459,1.3089029909345922
0.06432861514714913,1.3080647444293223
0.06470017461016951,1.3072247025612775
0.06507388018552646,1.3063828629764624
0.06544974426907742,1.3055392233259862
0.06582777932827792,1.3046937812661192
0.066207997902595,1.3038465344583534
0.06659041260392302,1.30299748056946
0.06697503611700226,1.3021466172715481
0.06736188119983949,1.3012939422421264
0.06775096068413125,1.300439453164159
0.06814228747568936,1.2995831477261297
0.06853587455486915,1.2987250236220977
0.06893173497699996,1.2978650785517623
0.06932988187281809,1.2970033102205187
0.06973032844890253,1.2961397163395245
0.07013308798811296,1.2952742946257574
0.07053817385003018,1.2944070428020769
0.0709455994713995,1.2935379585972882
0.07135537836657628,1.2926670397462023
0.07176752412797431,1.2917942839896994
0.07218205042651649,1.2909196890747916
0.0725989710120885,1.290043252754685
0.07301829971399482,1.2891649727888448
0.07344005044141733,1.2882848469430574
0.07386423718387686,1.2874028729894942
0.07429087401169716,1.2865190487067768
0.0747199750764715,1.2856333718800408
0.07515155461153226,1.284745840301
0.07558562693242295,1.2838564517680136
0.0760222064373731,1.2829652040861477
0.07646130760777575,1.2820720950672448
0.07690294500866793,1.2811771225299877
0.07734713328921379,1.2802802842999663
0.0777938871831903,1.2793815782097426
0.07824322150947627,1.2784810020989208
0.07869515117254373,1.2775785538142106
0.07914969116295223,1.2766742312094972
0.0796068565578463,1.2757680321459075
0.08006666252145539,1.2748599544918797
0.08052912430559697,1.2739499961232288
0.08099425725018228,1.2730381549232184
0.08146207678372536,1.2721244287826274
0.08193259842385472,1.27120881559982
0.08240583777782799,1.2702913132808145
0.08288181054304973,1.269371919739354
0.08336053250759211,1.2684506328969762
0.08384201955071845,1.2675274506830827
0.08432628764341016,1.2666023710350105
0.08481335284889632,1.265675391898104
0.08530323132318667,1.264746511225785
0.08579593931560721,1.263815726979623
0.08629149316933957,1.2628830371294104
0.08678990932196289,1.2619484396532317
0.087291204305999,1.2610119325375373
0.08779539474946102,1.2600735137772157
0.08830249737640475,1.2591331813756683
0.08881252900748349,1.2581909333448797
0.08932550656050585,1.2572467677054948
0.08984144705099713,1.2563006824868894
0.09036036759276359,1.2553526757272477
0.09088228539846002,1.2544027454736346
0.09140721778016095,1.2534508897820718
0.09193518214993475,1.2524971067176125
0.09246619602042103,1.2515413943544171
0.09300027700541183,1.2505837507758295
0.09353744282043573,1.2496241740744525
0.09407771128334547,1.2486626623522237
0.09462110031490889,1.2476992137204947
0.09516762793940357,1.246733826300106
0.09571731228521461,1.2457664982214647
0.09627017158543574,1.2447972276246226
0.09682622417847449,1.243826012659354
0.09738548850866023,1.2428528514852344
0.09794798312685594,1.2418777422717193
0.09851372669107374,1.2409006831982214
0.09908273796709362,1.2399216724541924
0.09965503582908601,1.2389407082392
0.10023063926023768,1.237957788763011
0.10080956735338151,1.2369729122456674
0.10139183931162991,1.2359860769175706
0.10197747444901163,1.23499728101956
0.1025664921911125,1.234006522802995
0.10315891207571966,1.233013800529836
0.10375475375346979,1.232019112472727
0.10435403698850093,1.2310224569150763
0.10495678165910766,1.23002383215114
0.10556300775840109,1.2290232364861045
0.10617273539497163,1.2280206682361692
0.10678598479355607,1.22701612572863
0.10740277629570849,1.226009607301963
0.10802313036047495,1.2250011113059076
0.1086470675650722,1.2239906361015525
0.10927460860556987,1.222978180061419
0.10990577429757756,1.2219637415695463
0.11054058557693487,1.220947319021576
0.11117906350040598,1.2199289108248395
0.11182122924637804,1.2189085153984411
0.11246710411556385,1.2178861311733462
0.11311670953170791,1.2168617565924684
0.11377006704229774,1.2158353901107533
0.11442719831927815,1.2148070301952685
0.11508812515977024,1.2137766753252892
0.11575286948679436,1.2127443239923876
0.11642145334999737,1.2117099747005196
0.11709389892638408,1.2106736259661133
0.11777022852105246,1.2096352763181586
0.11845046456793412,1.208594924298295
0.11913462963053807,1.2075525684609023
0.11982274640269923,1.2065082073731876
0.12051483770933116,1.205461839615279
0.12121092650718321,1.2044134637803143
0.1219110358856021,1.2033630784745286
0.1226151890672973,1.2023106823173502
0.1233234094091121,1.201256273941489
0.12403572040279781,1.2001998519930273
0.12475214567579315,1.1991414151315145
0.12547270899200796,1.1980809620300557
0.12619743425261162,1.1970184913754074
0.12692634549682527,1.1959540018680688
0.12765946690271998,1.194887492222374
0.1283968227880183,1.1938189611665875
0.12913843761090096,1.1927484074429962
0.12988433597081803,1.1916758298080043
0.13063454260930515,1.1906012270322275
0.13138908241080413,1.1895245979005868
0.1321479804034879,1.1884459412124055
0.1329112617600915,1.187365255781503
0.13367895179874653,1.1862825404362898
0.13445107598382108,1.1851977940198648
0.13522765992676447,1.1841110153901115
0.13600872938695657,1.1830222034197937
0.13679431027256264,1.181931356996652
0.13758442864139198,1.1808384750235033
0.13837911070176315,1.1797435564183347
0.13917838281337275,1.1786466001144047
0.13998227148816994,1.1775476050603397
0.1407908033912358,1.1764465702202311
0.14160400534166787,1.1753434945737378
0.14242190431346977,1.1742383771161806
0.1432445274364455,1.1731312168586452
0.1440719019971001,1.1720220128280807
0.14490405543954427,1.1709107640673975
0.1457410153664047,1.1697974696355704
0.1465828095397398,1.1686821286077391
0.14742946588196057,1.1675647400753064
0.14828101247675632,1.166445303146042
0.14913747757002704,1.1653238169441822
0.1499988895708198,1.1642002806105332
0.15086527705227104,1.1630746933025724
0.15173666875255462,1.1619470541945498
0.1526130935758348,1.1608173624775933
0.15349458059322535,1.1596856173598085
0.1543811590437531,1.1585518180663845
0.1552728583353288,1.1574159638396972
0.15616970804572197,1.1562780539394106
0.157071737923542,1.1551380876425845
0.15797897788922524,1.1539960642437774
0.15889145803602703,1.15285198305515
0.1598092086310205,1.1517058434065721
0.1607322601160995,1.1505576446457288
0.16166064310898964,1.149407386138223
0.16259438840426305,1.1482550672676834
0.16353352697436005,1.1471006874358716
0.16447808997061653,1.1459442460627862
0.16542810872429736,1.1447857425867718
0.16638361474763508,1.143625176464625
0.16734463973487607,1.142462547171702
0.16831121556333123,1.1412978542020265
0.16928337429443346,1.1401310970683978
0.17026114817480129,1.1389622753024984
0.17124456963730833,1.137791388455003
0.17223367130215933,1.1366184360956881
0.1732284859779715,1.1354434178135395
0.17422904666286382,1.1342663332168632
0.1752353865455509,1.1330871819333943
0.17624753900644402,1.1319059636104074
0.17726553761875827,1.1307226779148252
0.1782894161496264,1.1295373245333324
0.1793192085612188,1.1283499031724835
0.18035494901186952,1.1271604135588147
0.18139667185721023,1.1259688554389564
0.18244441165130923,1.124775228579743
0.18349820314781765,1.1235795327683258
0.1845580813011223,1.122381767812285
0.18562408126750532,1.121181933539743
0.18669623840630953,1.119980029799475
0.1877745882811124,1.1187760564610243
0.18885916666090508,1.1175700134148143
0.18995000952127886,1.1163619005722614
0.19104715304561865,1.11515171786589
0.19215063362630308,1.1139394652494468
0.19326048786591185,1.1127251426980131
0.19437675257843917,1.1115087502081211
0.19549946479051591,1.1102902877978686
0.19662866174263705,1.109069755507033
0.19776438089039716,1.1078471533971872
0.1989066599057328,1.1066224815518149
0.20005553667817216,1.1053957400764283
0.20121104931609193,1.10416692909868
0.2023732361479806,1.102936048768484
0.2035421357237112,1.1017030992581285
0.2047177868158189,1.1004680807623952
0.20590022842078753,1.0992309934986744
0.20708949976034302,1.0979918377070848
0.2082856402827546,1.0967506136505867
0.20948868966414244,1.0955073216151052
0.21069868780979503,1.0942619619096436
0.21191567485549198,1.0930145348664047
0.21313969116883547,1.0917650408409063
0.21437077735058938,1.090513480212103
0.2156089742360259,1.0892598533825033
0.21685432289628032,1.0880041607782873
0.21810686463971252,1.0867464028494307
0.21936664101327835,1.0854865800698181
0.22063369380390707,1.0842246929373687
0.22190806503988747,1.082960741974152
0.2231897969922621,1.0816947277265103
0.22447893217622922,1.0804266507651776
0.22577551335255347,1.079156511685402
0.22707958352898322,1.0778843111070653
0.22839118596167848,1.076610049674804
0.22971036415664492,1.0753337280581303
0.2310371618711771,1.0740553469515555
0.2323716231153099,1.0727749070747088
0.23371379215327842,1.0714924091724611
0.2350637135049864,1.070207854015046
0.23642143194748202,1.0689212423981826
0.23778699251644456,1.0676325751431988
0.23916044050767735,1.0663418530971502
0.24054182147861042,1.0650490771329486
0.24193118124981164,1.0637542481494795
0.2433285659065069,1.0624573670717274
0.2447340218001077,1.0611584348509016
0.24614759554975016,1.0598574524645543
0.24756933404384043,1.0585544209167104
0.24899928444161015,1.0572493412379846
0.25043749417468075,1.0559422144857118
0.2518840109486367,1.0546330417440681
0.25333888274460853,1.053321824124192
0.25480215782086263,1.0520085627643143
0.2562738847144043,1.0506932588298838
0.2577541122425862,1.0493759135136849
0.259242889504728,1.0480565280359673
0.26074026588374516,1.0467351036445698
0.26224629104778674,1.045411641615047
0.26376101495188337,1.0440861432507924
0.26528448783960296,1.0427586098831656
0.2668167602447192,1.0414290428716169
0.2683578829928863,1.0400974436038133
0.26990790720332575,1.0387638134957649
0.2714668842905212,1.0374281539919488
0.27303486596592474,1.0360904665654387
0.27461190423967086,1.034750752718028
0.27619805142230325,1.0334090139803571
0.2777933601265089,1.0320652519120403
0.2793978832688636,1.0307194681017913
0.2810116740715871,1.0293716641675523
0.2826347860643085,1.0280218417566163
0.28426727308584204,1.0266700025457582
0.2859091892859722,1.0253161482413595
0.28756058912725097,1.023960280579537
0.2892215273868037,1.022602401326266
0.2908920591581461,1.0212425122775128
0.2925722398530119,1.0198806152593576
0.2942621252031906,1.0185167121281244
0.2959617712623767,1.017150804770507
0.2976712344080275,1.0157828951036973
0.29939057134323527,1.0144129850755124
0.30111983909860657,1.0130410766645213
0.30285909503415454,1.0116671718801746
0.30460839684120133,1.0102912727629303
0.3063678025442922,1.008913381384382
0.3081373705031189,1.0075334998473873
0.30991715941445724,1.0061516302861941
0.31170722831411296,1.004767774866571
0.31350763657888026,1.0033819357859324
0.3153184439285111,1.0019941152734675
0.31713971042769656,1.0006043155902682
0.31897149648805906,0.9992125390294572
0.32081386287015523,0.9978187879163164
0.32266687068549305,0.9964230646084127
0.32453058139855784,0.9950253714957289
0.32640505682885135,0.9936257110007886
0.32829035915294213,0.9922240855787865
0.3301865509065281,0.9908204977177155
0.33209369498651126,0.9894149499384932
0.3340118546530824,0.988007444795093
0.3359410935318217,0.9865979848746684
0.3378814756158077,0.9851865727976832
0.3398330652677405,0.9837732112180381
0.34179592722207625,0.9823579028231987
0.3437701265871754,0.9809406503343236
0.34575572884746025,0.9795214565063918
0.34775279986558977,0.9781003241283297
0.3497614058846425,0.9766772560231398
0.3517816135303143,0.9752522550480266
0.3538134898131283,0.9738253240945254
0.3558571021306578,0.9723964660886293
0.35791251826976206,0.9709656839909155
0.3599798064088333,0.9695329807966738
0.3620590351200606,0.9680983595360327
0.36415027337170275,0.9666618232740863
0.36625359053037637,0.9652233751110224
0.36836905636335693,0.9637830181822474
0.3704967410408928,0.9623407556585146
0.3726367151385332,0.9608965907460488
0.3747890496394677,0.9594505266866756
0.3769538159368831,0.9580025667579446
0.37913108583633,0.9565527142732573
0.3813209315581047,0.9551009725819922
0.3835234257396452,0.9536473450696322
0.38573864143794045,0.9521918351578872
0.38796665213195375,0.950734446304823
0.39020753172505884,0.949275182004985
0.39246135454749365,0.9478140457895231
0.39472819535882386,0.9463510412263176
0.3970081293504236,0.9448861719201034
0.3993012321479693,0.9434194415125944
0.40160757981394846,0.9419508536826091
0.4039272488501813,0.9404804121461933
0.4062603162003607,0.9390081206567453
0.4086068592526027,0.9375339830051393
0.410966955842014,0.9360580030198489
0.4133406842532736,0.9345801845670701
0.41572812322322983,0.9331005315508457
0.4181293519435121,0.9316190479131862
0.4205444500631561,0.9301357376341949
0.4229734976912487,0.9286506047321877
0.4254165753995829,0.9271636532638167
0.42787376422533113,0.9256748873241923
0.43034514567373333,0.9241843110470038
0.43283080172080035,0.9226919286046411
0.4353308148160335,0.9211977442083157
0.43784526788515776,0.9197017621081818
0.44037424433287525,0.918203986593456
0.44291782804562946,0.9167044219925379
0.44547610339438887,0.9152030726731291
0.4480491552374451,0.9136999430423538
0.4506370689232283,0.9121950375468774
0.4532399302931362,0.9106883606730252
0.45585782568438454,0.9091799169469001
0.4584908419328686,0.9076697109345024
0.4611390663760445,0.906157747241846
0.46380258685582576,0.904644030515076
0.4664814917214973,0.9031285654405871
0.46917586983264636,0.9016113567451366
0.4718858105621082,0.9000924091959663
0.47461140379893324,0.8985717276009121
0.47735273995136696,0.8970493168085235
0.48010990994984926,0.8955251817081777
0.4828830052500305,0.8939993272301926
0.48567211783580505,0.8924717583459431
0.4884773402223633,0.8909424800679727
0.49129876545925777,0.889411497450109
0.4941364871334932,0.8878788155875743
0.4969905993726283,0.8863444396170985
0.49986119684789904,0.8848083747170326
0.5027483747773582,0.8832706261074569
0.5056522289290352,0.8817311990502945
0.5085728556241095,0.8801900988494213
0.5115103517401097,0.8786473308507745
0.5144648147141249,0.8771029004424624
0.517436342546036,0.8755568130548743
0.520425033801768,0.8740090741607874
0.5234309876165582,0.8724596892754758
0.5264543036982456,0.8709086639568159
0.5294950823305765,0.8693560038053952
0.532553424376533,0.8678017144646172
0.5356294312816773,0.8662458016208059
0.5387232050775173,0.8646882710033127
0.5418348483848905,0.8631291283846193
0.5449644644173683,0.8615683795804417
0.5481121569846801,0.8600060304498331
0.5512780304961541,0.8584420868952879
0.5544621899641845,0.8568765548628404
0.5576647410077121,0.8553094403421693
0.5608857898557287,0.8537407493666951
0.5641254433507998,0.8521704880136833
0.5673838089526105,0.8505986624043402
0.5706609947415265,0.8490252787039142
0.5739571094221833,0.8474503431217916
0.577272262327089,0.8458738619115952
0.580606563420252,0.8442958413712798
0.5839601233008286,0.8427162878432277
0.587333053206791,0.8411352077143447
0.5907254650186181,0.839552607416153
0.5941374712630041,0.837968493424886
0.5975691851165946,0.8363828722615801
0.6010207204097383,0.8347957504921668
0.6044921916302634,0.8332071347275632
0.6079837139272749,0.8316170316237647
0.6114954031149747,0.8300254478819308
0.6150273756765035,0.8284323902484775
0.6185797487678013,0.8268378655151634
0.6221526402214987,0.8252418805191767
0.6257461685508219,0.8236444421432213
0.6293604529535245,0.8220455573156039
0.6329956133158415,0.8204452330103158
0.6366517702164664,0.8188434762471194
0.6403290449305502,0.8172402940916281
0.6440275594337228,0.8156356936553911
0.6477474364061423,0.8140296820959717
0.6514887992365616,0.8124222666170292
0.6552517720264219,0.8108134544683966
0.6590364795939697,0.8092032529461598
0.6628430474783968,0.8075916693927339
0.6666716019440028,0.8059787111969412
0.670522269984386,0.8043643857940838
0.6743951793266547,0.8027487006660199
0.6782904584356633,0.8011316633412361
0.6822082365182739,0.7995132813949203
0.6861486435276425,0.7978935624490322
0.6901118101675299,0.7962725141723737
0.6940978678966341,0.7946501442806594
0.6981069489329556,0.793026460536582
0.7021391862581797,0.7914014707498821
0.706194713622089,0.7897751827774115
0.7102736655469988,0.7881476045232009
0.7143761773322203,0.7865187439385212
0.7185023850585484,0.7848886090219467
0.7226524255927731,0.7832572078194185
0.7268264365922236,0.7816245484243021
0.7310245565093315,0.7799906389774475
0.735246924596224,0.7783554876672487
0.7394936809093429,0.7767191027296982
0.7437649663140911,0.7750814924484445
0.7480609224895021,0.773442665154846
0.7523816919329437,0.7718026292280238
0.7567274179648424,0.7701613930949138
0.7610982447334376,0.7685189652303177
0.7654943172195625,0.766875354156953
0.7699157812414543,0.7652305684455003
0.7743627834595911,0.7635846167146504
0.7788354713815532,0.7619375076311513
0.7833339933669216,0.7602892499098501
0.7878584986321948,0.7586398523137389
0.7924091372557404,0.7569893236539936
0.796986060182772,0.7553376727900168
0.8015894192303568,0.7536849086294752
0.8062193670924521,0.7520310401283373
0.8108760573449667,0.750376076290912
0.8155596444508603,0.7487200261698794
0.820270283765263,0.7470628988663275
0.8250081315406305,0.7454047035297827
0.8297733449319258,0.7437454493582413
0.8345660820018336,0.7420851455981972
0.8393865017259998,0.7404238015446717
0.8442347639983097,0.738761426541238
0.849111029636188,0.7370980299800455
0.8540154603859346,0.7354336213018453
0.8589482189280895,0.733768209996009
0.8639094688828286,0.7321018056005514
0.8688993748153925,0.7304344177021468
0.8739181022415409,0.7287660559361484
0.8789658176330487,0.7270967299866014
0.8840426884232241,0.7254264495862587
0.8891488830124632,0.7237552245165919
0.894284570773836,0.7220830646078026
0.8994499220587043,0.7204099797388311
0.9046451082023738,0.718735979837364
0.9098703015297723,0.7170610748798404
0.9151256753611733,0.715385274891454
0.9204114040179392,0.7137085899461578
0.925727662828306,0.712031030166664
0.9310746281331985,0.7103526057244413
0.9364524772920803,0.7086733268397135
0.9418613886888331,0.7069932037814571
0.9473015417376798,0.70531224686739
0.9527731168891311,0.7036304664639674
0.9582762956359732,0.7019478729863705
0.9638112605192866,0.7002644768984951
0.969378195134502,0.6985802887129372
0.9749772841374906,0.696895318990979
0.9806087132506859,0.6952095783425717
0.986272669269249,0.6935230774263148
0.9919693400672615,0.691835826949437
0.9976989146039581,0.6901478376677721
1.0034615829299944,0.688459120385735
1.0092575361937506,0.6867696859562952
1.0150869666476736,0.6850795452809467
1.020950067654649,0.6833887093096809
1.0268470336944222,0.6816971890409496
1.032778060370044,0.6800049955216336
1.0387433444143614,0.6783121398470057
1.0447430836965412,0.6766186331606914
1.0507774772286356,0.6749244866546288
1.0568467251721823,0.6732297115690263
1.0629510288448412,0.6715343191923184
1.0690905907270785,0.6698383208611177
1.0752656144688773,0.6681417279601666
1.0814763048964953,0.6664445519222872
1.0877228680192583,0.6647468042283279
1.0940055110363947,0.663048496407107
1.1003244423439036,0.6613496400353585
1.1066798715414743,0.659650246737669
1.1130720094394349,0.6579503281864189
1.1195010680657442,0.6562498961017165
1.125967260673027,0.6545489622513342
1.1324708017456462,0.6528475384506383
1.1390119070068183,0.651145636562519
1.1455907934257656,0.6494432684973195
1.1522076792249187,0.6477404462127576
1.1588627838871512,0.6460371817138514
1.165556328163061,0.6443334870528384
1.1722885340782923,0.6426293743290935
1.1790596249408998,0.6409248556890457
1.1858698253487587,0.63921994332609
1.1927193611970084,0.6375146494805005
1.1996084596855525,0.635808986439337
1.2065373493265914,0.6341029665363528
1.2135062599522024,0.6323966021518981
1.2205154227219637,0.6306899057128209
1.2275650701306229,0.6289828896923667
1.2346554360158042,0.6272755666100757
1.2417867555657718,0.6255679490316755
1.248959265327227,0.6238600495689735
1.2561732032131552,0.6221518808797456
1.2634288085107168,0.6204434556676236
1.2707263218891858,0.6187347866819786
1.2780659854079335,0.6170258867178027
1.2854480425244517,0.6153167686155887
1.2928727381024372,0.613607445261205
1.300340318419908,0.6118979295857709
1.3078510311773746,0.610188234565527
1.3154051255060544,0.6084783732217035
1.3230028519761372,0.6067683586203877
1.3306444626050977,0.6050582038723854
1.3383302108660486,0.6033479221330834
1.3460603516961573,0.6016375266023058
1.3538351415050967,0.5999270305241705
1.3616548381835512,0.5982164471869406
1.3695197011117717,0.5965057899228755
1.3774299911681798,0.5947950721080769
1.3853859707380165,0.5930843071623352
1.3933879037220531,0.5913735085489676
1.40143605554534,0.5896626897746604
1.4095306931660114,0.5879518643893028
1.4176720850841416,0.5862410459858209
1.4258605013506493,0.5845302482000081
1.4340962135762587,0.5828194847103523
1.4423794949405018,0.5811087692378615
1.4507106202007884,0.579398115545884
1.4590898657015157,0.5776875374399291
1.4675175093832333,0.5759770487674813
1.4759938307918654,0.5742666634178153
1.4845191110879812,0.5725563953218044
1.4930936330561237,0.5708462584517292
1.501717681114184,0.5691362668210815
1.5103915413228428,0.5674264344843648
1.5191155013950548,0.565716775536894
1.5278898507055931,0.5640073041145892
1.5367148803006474,0.5622980343937694
1.5455908829074798,0.560588980590941
1.554518152944129,0.5588801569625851
1.5634969865291848,0.5571715778049391
1.5725276814916038,0.5554632574537781
1.581610537380591,0.5537552102841918
1.590745855475536,0.5520474507103584
1.5999339387960048,0.550339993185315
1.609175092111794,0.5486328522007263
1.618469621953034,0.5469260422866491
1.6278178366203646,0.545219578011293
1.637220046195157,0.5435134739807791
1.6466765625497983,0.541807744838896
1.6561876993580396,0.5401024052668512
1.6657537721053974,0.5383974699830192
1.6753750980996223,0.5366929537426883
1.6850519964812158,0.5349888713378034
1.6947847882340275,0.5332852375967031
1.7045737961958944,0.5315820673838574
1.7144193450693528,0.5298793755996002
1.7243217614324065,0.5281771771798573
1.7342813737493608,0.5264754870958754
1.7442985123817196,0.5247743203539417
1.7543735095991362,0.5230736919951062
1.7645066995904446,0.521373617094896
1.7746984184747385,0.5196741107630295
1.7849490043125216,0.5179751881431252
1.7952587971169218,0.5162768644124083
1.8056281388649704,0.5145791547814137
1.8160573735089385,0.5128820744936867
1.8265468469877573,0.5111856388254762
1.8370969072384855,0.5094898630854301
1.8477079042078515,0.5077947626142846
1.8583801898638623,0.5061003527845488
1.8691141182074777,0.5044066490001882
1.8799100452843545,0.5027136666963037
1.8907683291966488,0.5010214213388082
1.901689330114906,0.49932992842409785
1.9126734102900003,0.4976392034787208
1.9237209340651515,0.4959492620590436
1.934832267888012,0.4942601197509125
1.9460077803228204,0.49257179216931196
1.957247842062629,0.49088429495802005
1.9685528259415923,0.4891976437892599
1.9799231069473464,0.48751185436334704
1.9913590622334378,0.4858269424083348
2.002861071131837,0.4841429236796547
2.0144295151655203,0.48245981395975446
2.026064778061128,0.4807776290577313
2.037767245761682,0.4790963848089636
2.0495373064394027,0.47741609707473603
2.061375350508576,0.4757367817418644
2.073281770638504,0.4740584547223147
2.08525696176653,0.4723811319528197
2.0973013211111415,0.4707048293944914
2.1094152481851434,0.46902956303242993
2.121599144808906,0.46735534887533026
2.1338534151237023,0.4656822029550827
2.146178465605108,0.4640101413263721
2.1585747050764854,0.46233918006627217
2.1710425447225425,0.4606693352738372
2.1835823981029745,0.4590006230696897
2.1961946811661823,0.4573330595956034
2.208879812263062,0.45566666101408554
2.2216382121608933,0.45400144350795185
2.234470304057288,0.4523374232799006
2.2473765135942316,0.4506746165520822
2.2603572688721987,0.449013039565665
2.273413000464358,0.4473527085803975
2.286544141430844,0.44569363987416816
2.299751127333137,0.4440358497425588
2.313034396248499,0.44237935449839744
2.326394388784508,0.44072417047130574
2.339831548093676,0.4390703140072434
2.353346319888143,0.43741780146804865
2.366939152454468,0.43576664923097497
2.3806104966684876,0.4341168736882263
2.394360806010286,0.43246849124648407
2.4081905365792275,0.4308215183264353
2.422100147109088,0.42917597136229474
2.43609009898327,0.4275318668013237
2.45016085625011,0.4258892211033452
2.464312885638268,0.42424805074025596
2.4785466565722056,0.4226083721955351
2.492862641187766,0.4209702019637473
2.507261314347829,0.41933355655004473
2.521743153658062,0.41769845246966375
2.5363086394827636,0.41606490624741965
2.5509582549607996,0.41443293441719503
2.5656924860216193,0.41280255352142864
2.5805118214013865,0.41117378011059635
2.595416752659185,0.40954663074269126
2.610407774193322,0.4079211219826995
2.62548538325773,0.40629727040207286
2.64065007997846,0.40467509257819695
2.655902367370273,0.40305460509385616
2.671242751353316,0.40143582453669646
2.6866717407699157,0.39981876749868206
2.7021898474014514,0.39820345057555057
2.717797585985329,0.396589890366264
2.7334954742320576,0.39497810347245654
2.749284032842421,0.3933681064978779
2.7651637855247526,0.39175991604783406
2.7811352590122937,0.3901535487286256
2.7971989830806865,0.38854902114697887
2.813355490565531,0.38694634990947796
2.8296053173800644,0.3853455516219908
2.845949002532937,0.38374664288909205
2.8623870881460913,0.38214964031348353
2.878920119472747,0.3805545604954098
2.8955486449154755,0.3789614200320728
2.9122732160444067,0.3773702355170391
2.929094387615516,0.37578102353964793
2.9460127175890265,0.3741938006844131
2.963028767147915,0.3726085835304235
2.9801431007165333,0.3710253886507379
2.9973562859793157,0.3694442326117798
3.014668893899627,0.3678651319727251
3.0320814987386915,0.3662881032848892
3.0495946780746417,0.3647131630911104
3.067209012821679,0.3631403279251295
3.08492508724934,0.361569614310966
3.1027434890018832,0.360001038762292
3.1206648091177662,0.3584346177818026
3.13868964204927,0.35687036786058185
3.156818585682205,0.3553083054774678
3.175052241355745,0.3537484470984128
3.193391213882376,0.3521908091758409
3.211836111567954,0.35063540814800287
3.2303875462318903,0.3490822604383273
3.249046133227429,0.34753138245477
3.26781249146208,0.34598279058915793
3.2866872434181342,0.3444365012165326
3.3056710151733153,0.3428925306944896
3.324764436421545,0.3413508953625148
3.3439681404938377,0.339811611541318
3.3632827643792886,0.33827469553216455
3.3827089487462287,0.33674016361620124
3.402247337963458,0.3352080320537834
3.4218985801216255,0.33367831708379553
3.441663327054725,0.332151034922972
3.4615422343617173,0.3306262017652125
3.4815359614282793,0.32910383378089675
3.5016451714486623,0.32758394711619604
3.521870531447711,0.32606655789238054
3.542212712302975,0.32455168220512626
3.5626723887669653,0.32303933612381797
3.5832502394895362,0.32152953569085
3.603946947040396,0.32002229692092443
3.6247631979317507,0.31851763580034664
3.6456996826410633,0.3170155682863192
3.666757095633976,0.31551611030623145
3.687936135387333,0.31401927775694843
3.7092375044123536,0.3125250865040971
3.7306619092779316,0.3110335523813499
3.7522100606340785,0.3095446911897052
3.7738826732354807,0.308058518696768
3.795680465965228,0.30657505063602525
3.817604161858648,0.3050943027061211
3.83965448812729,0.30361629057012945
3.861832176183047,0.30214102985482416
3.884137961662419,0.3006685361499476
3.906572584450914,0.29919882500747613
3.9291367887075794,0.2977319119408859
3.951831322889705,0.2962678124244139
3.974656939777636,0.29480654189231836
3.9976143964997464,0.29334811573813796
4.020704454557553,0.29189254931394826
4.0439278798509735,0.2904398579296167
4.067285442703738,0.2889900568520555
4.09077791788892,0.2875431613044743
4.114406084654667,0.2860991864656284
4.138170726750025,0.284658147469068
4.162072632450944,0.2832200594023851
4.186112594586423,0.28178493730645826
4.210291410564813,0.2803527961746964
4.234609882400252,0.278923650952282
4.2590688167392905,0.27749751653541105
4.283669024887633,0.2760744077705328
4.308411322837052,0.2746543394535896
4.333296531292455,0.2732373263292524
4.358325475699109,0.2718233830901579
4.383498986270024,0.27041252437614344
4.408817898013471,0.26900476477348106
4.434283050760709,0.2676001188141097
4.459895289193826,0.2661986009748682
4.485655462873756,0.26480022567672595
4.511564426268465,0.26340500728401345
4.537623038781288,0.26201296010365155
4.5638321647794475,0.2606240983843805
4.590192673622699,0.25923843631598875
4.6167054396922,0.2578559880285391
4.643371342419491,0.2564767675915969
4.670191266315677,0.2551007890134563
4.69716610100076,0.2537280662403665
4.724296741233153,0.2523586131557572
4.75158408693936,0.25099244357946426
4.77902904324381,0.24962957126695587
4.80663252049891,0.24827000990855547
4.83439543431522,0.24691377312866888
4.862318705591827,0.2455608744850082
4.890403260546896,0.24421132746781657
4.918650030748395,0.24286514549909372
4.947059953144976,0.24152234193182126
4.975633970097081,0.24018293004918723
5.004373029408187,0.23884692306381222
5.03327808435624,0.2375143341169755
5.062350093725286,0.23618517627784133
5.091590021837263,0.23485946254268564
5.120998838584002,0.23353720583412352
5.150577519459375,0.23221841900033785
5.180327045591681,0.23090311481430706
5.210248403776169,0.2295913059730352
5.240342586507781,0.22828300509678237
5.270610592014066,0.2269782247282956
5.301053424288297,0.22567697733204117
5.331672093122776,0.22437927529343796
5.362467614142308,0.2230851309180921
5.393441008837921,0.22179455643103171
5.424593304600729,0.2205075639759445
5.455925534756016,0.2192241656144156
5.487438738597509,0.21794437332516706
5.51913396142186,0.21666819900329914
5.551012254563296,0.2153956544595335
5.583074675428522,0.21412675141945606
5.615322287531777,0.21286150152276448
5.647756160530116,0.21159991632251507
5.680377370258887,0.21034200728437302
5.713186998767422,0.20908778578586373
5.74618613435493,0.20783726311562675
5.7793758716065735,0.20659045047267185
5.812757311429815,0.20534735896563636
5.8463315610909055,0.20410799961204584
5.880099734251622,0.20287238333757698
5.914062951006205,0.20164052097532237
5.948222337918514,0.20041242326505831
5.982579028059404,0.19918810085251495
6.017134161044281,0.1979675642886496
6.051888883070941,0.1967508240289219
6.086844346957566,0.1955378904325727
6.12200171218097,0.19432877376190538
6.157362144915058,0.19312348418157077
6.192926818069512,0.19192203175785427
6.228696911328675,0.19072442645796742
6.264673611190719,0.18953067814934127
6.300858111006973,0.18834079659892428
6.337251611021516,0.18715479147248315
6.373855318410987,0.18597267233390766
6.4106704473246285,0.1847944486445182
6.447698218924566,0.18362012976237785
6.484939861426288,0.1824497249416089
6.5223966101394275,0.1812832433317107
6.560069707508704,0.18012069397688465
6.597960403155152,0.1789620858153609
6.636069953917565,0.17780742767873065
6.674399623894185,0.1766567282912819
6.7129506844846425,0.17550999626933966
6.751724414432098,0.1743672401206114
6.790722099865702,0.17322846824353524
6.829945034343229,0.1720936889266345
6.869394518893989,0.17096291034787645
6.9090718620619835,0.16983614057403504
6.948978379949321,0.1687133875600595
6.989115396259839,0.1675946591484481
7.029484242343055,0.1664799630686253
7.070086257238302,0.16536930693632582
7.110922787719148,0.16426269825298329
7.151995188338072,0.16316014440512408
7.19330482147139,0.16206165266376696
7.234853057364459,0.16096723018382736
7.276641274177094,0.15987688400352917
7.318670858029327,0.1587906210438195
7.360943203047355,0.15770844810779164
7.403459711409791,0.15663037188011267
7.446221793394177,0.15555639892645728
7.489230867423758,0.15448653569294785
7.532488360114542,0.15342078850560026
7.5759957063225905,0.15235916356977686
7.619754349191659,0.1513016669696442
7.6637657402010335,0.15024830466763897
7.708031339213687,0.14919908250393887
7.7525526145247,0.14815400619594166
7.797331042909967,0.14711308133774925
7.842368109675186,0.14607631339966007
7.887665308705097,0.14504370772766764
7.933224142513083,0.1440152695429656
7.979046122290974,0.14299100394146083
8.025132767959184,0.14197091589329322
8.07148560821712,0.14095501024236243
8.11810618059391,0.13994329170586253
8.164996031499358,0.1389357648738242
8.212156716275297,0.13793243420866294
8.259589799247138,0.13693330404473708
8.307296853775776,0.1359383785879118
8.355279462309772,0.13494766191513177
8.403539216437848,0.13396115797400132
8.45207771694168,0.13297887058237257
8.500896573848978,0.1320008034279422
8.549997406486925,0.13102696006785503
8.599381843535864,0.1300573439283172
8.649051523083333,0.12909195830421696
8.699008092678392,0.12813080635875382
8.749253209386282,0.12717389112307662
8.799788539843393,0.12622121549592927
8.850615760312508,0.1252727822433069
8.901736556738468,0.124328593998118
8.953152624804051,0.12338865325985811
9.004865669986232,0.12245296239429065
9.056877407612749,0.12152152363313753
9.109189562919012,0.12059433907377833
9.161803871105295,0.11967141067895945
9.214722077394347,0.11875274027651099
9.26794593708924,0.11783832955907446
9.321477215631607,0.11692818008383897
9.375317688660196,0.1160222932722873
9.429469142069783,0.11512067040995105
9.483933372070394,0.11422331264617584
9.538712185246876,0.11333022099389631
9.593807398618857,0.11244139632941982
9.64922083970099,0.1115568393922214
9.704954346563575,0.11067655078474761
9.761009767893535,0.109800530972231
9.817388963055734,0.10892878028251385
9.87409380215466,0.10806129890588291
9.931126166096416,0.10719808689491411
9.988487946651174,0.10633914416432658
10.046181046515898,0.1054844704908482
10.104207379377405,0.10463406551309179
10.162568869975964,0.10378792873143908
10.22126745416898,0.10294605950793988
10.280305078995381,0.10210845706621632
10.339683702740022,0.10127512049138325
10.399405294998822,0.10044604872997409
10.459471836743937,0.09962124058988217
10.51988532038954,0.09880069474030996
10.58064774985797,0.09798440971172882
10.641761140646059,0.09717238389585307
10.703227519892145,0.09636461554562067
10.765048926443153,0.09556110277518923
10.827227410922392,0.09476184355993865
10.88976503579742,0.09396683573648962
10.952663875448525,0.09317607700272995
11.015926016237598,0.0923895649178524
11.07955355657718,0.09160729690240675
11.143548607000248,0.09082927023835875
11.207913290230044,0.09005548206916522
11.27264974125066,0.08928592939985593
11.337760107377704,0.08852060909713126
11.403246548329589,0.08775951788946866
11.469111236299243,0.08700265236724056
11.535356356026004,0.08625000898284667
11.60198410486826,0.08550158405085398
11.668996692876163,0.08475737374815259
11.736396342865124,0.08401737411411904
11.804185290489363,0.08328158105079558
11.872365784316157,0.08254999032307803
11.940940085900484,0.08182259755891627
12.009910469859877,0.08109939824952839
12.07927922395006,0.08038038774962342
12.14904864914065,0.07966556127763967
12.219221059691662,0.0789549139159911
12.289798783230115,0.07824844061132953
12.360784160827304,0.07754613617481598
12.43217954707653,0.07684799528240419
12.50398731017103,0.0761540124751388
12.576209831982732,0.07546418215946135
12.648849508141078,0.07477849860753259
12.721908748112574,0.07409695595756378
12.795389975280779,0.07341954821416045
12.869295627026515,0.07274626924868066
12.943628154808923,0.07207711279960123
13.018390024246562,0.07141207247290056
13.093583715199413,0.07075114174244902
13.16921172185095,0.0700943139504155
13.245276552790939,0.06944158230768344
13.321780731098753,0.06879293989427865
13.39872679442685,0.06814837965981231
13.476117295085178,0.06750789442393157
13.553954800125615,0.06687147687678657
13.632241891427332,0.06623911957950561
13.710981165782252,0.06561081496468568
13.790175234981259,0.06498655533689286
13.869826725900918,0.06436633287317454
13.949938280590414,0.06375013962358617
14.030512556359417,0.06313796751172611
14.11155222586599,0.06252980833528651
14.19305997720548,0.06192565376661221
14.275038513999476,0.061325495353274806
14.357490555485573,0.06072932451865664
14.440418836607657,0.060137132562546304
14.523826108106428,0.059548910661748285
14.607715136610867,0.058964649870701026
14.69208870472977,0.05838434112211029
14.776949611144293,0.057807975227590486
14.862300670700565,0.05723554287832117
14.948144714503155,0.056667034645712704
15.034484590009066,0.05610244098208369
15.121323161121978,0.055541752221351916
15.20866330828748,0.05498495857973357
15.296507928588378,0.054432050156457176
15.384859935841034,0.05388301693448577
15.473722260691797,0.05333784878125318
15.563097850714316,0.05279653544940953
15.652989670507395,0.0522590665775782
15.743400701793119,0.0517254316911255
15.834333943515999,0.05119562020293872
15.925792411942234,0.05066962141421792
16.01777914075986,0.050147424515276824
16.110297181179458,0.049629018586354476
16.203349602035154,0.04911439259843953
16.29693948988666,0.04860353541410255
16.391069949121412,0.04809643578834175
16.48574410205778,0.04759308236943647
16.580965089048426,0.047093463699813716
16.676736068584557,0.0465975682169234
16.7730602174008,0.04610538425412368
16.869940730580335,0.04561690004157858
16.967380821661152,0.045132103707162745
17.065383722742364,0.044650983277379264
17.1639526845917,0.04417352667828454
17.26309097675308,0.0436997217364256
17.362801887655184,0.04322955617978545
17.46308872472062,0.04276301763873806
17.5639548144754,0.04230009364701448
17.665403502659558,0.04184077164267609
17.767438154337835,0.04138503896909965
17.870062154011595,0.04093288287596899
17.973278905730844,0.0404842905202783
18.077091833207234,0.04003924896734269
18.18150437992775,0.03959774519181785
18.28652000926866,0.03915976607872984
18.39214220461072,0.03872529842451124
18.498374469454387,0.03829432893804851
18.605220327536347,0.037866844241734955
18.71268332294614,0.03744283087253458
18.82076702024381,0.03702227528305249
18.929475004578283,0.03660516384261317
19.038810881805993,0.0361914828383485
19.14877827861082,0.035781218476290975
19.259380842624058,0.03537435688247725
19.370622242545732,0.034970884104056514
19.482506168266013,0.03457078611040874
19.595036330987718,0.03417404879426861
19.70821646334955,0.03378065797285638
19.822050319549618,0.03339059938901739
19.936541675470288,0.033003858712366156
20.0516943288031,0.03262042154043935
20.16751209917508,0.03224027339985303
20.283998828275138,0.031863399747468504
20.401158379981613,0.03148978597156292
20.518994640490586,0.031119417393005878
20.63751151844447,0.03075227926644347
20.756712945062016,0.03038835678148597
20.876602874268404,0.030027635063903175
20.99718528282652,0.029670099176823887
21.118464170469004,0.029315734121940704
21.240443560030613,0.02896452484072117
21.363127497582013,0.02861645621562212
21.48652005256363,0.028271513071310747
21.61062531792099,0.027929680175888375
21.735447410240173,0.027590942242120612
21.86099046988449,0.027255283928670472
21.98725866113196,0.02692268984133581
22.114256172313123,0.026593144534291846
22.24198721595032,0.026266632511335763
22.370456028897078,0.025943138227136814
22.49966687247899,0.025622646088488014
22.629624032634762,0.025305140455562952
22.760331820058504,0.024990605643174478
22.891794570342856,0.024679025922036427
23.024016644122483,0.024370385520029177
23.15700242721909,0.024064668623466193
23.290756330786508,0.023761859378364707
23.425282791457416,0.023461941891716926
23.560586271490152,0.02316490023276492
23.696671258916876,0.02287071843427631
23.83354226769259,0.022579380493821657
23.971203837844516,0.022290870375054436
24.109660535623092,0.022005172008990794
24.248916953653023,0.021722269295292095
24.388977711086035,0.0214421461035468
24.52984745375374,0.021164786274554644
24.67153085432187,0.020890173621610487
24.81403261244545,0.02061829193178846
24.957357454924313,0.02034912496722748
25.1015101358603,0.020082656466415202
25.24649543681454,0.01981887014547347
25.39231816696648,0.019557749699441934
25.53898316327303,0.019299278803562463
25.68649529062917,0.019043441114562073
25.83485944202947,0.018790220271934853
25.984080538730023,0.018539599899223807
26.13416353041212,0.018291563605300053
26.285113395346038,0.018046094985641938
26.43693514055635,0.017803177623611617
26.589633801988153,0.017562795091729873
26.743214444673743,0.017324930952949704
26.897682162901063,0.017089568761926518
27.05304208038222,0.01685669206628732
27.209299350423912,0.01662628440789588
27.36645915609795,0.016398329324116574
27.524526710413355,0.01617281034907433
27.683507256489452,0.01594971101491152
27.84340606772938,0.015729014853042348
28.004228447995466,0.015510705395402582
28.165979731784702,0.015294766175696837
28.328665284406153,0.01508118073064078
28.492290502158507,0.014869932601200505
28.65686081250926,0.014661005333826853
28.822381674274915,0.014454382481685383
28.988858577801643,0.01425004760588255
29.15629704514786,0.014047984276685962
29.324702630266938,0.013848176074740889
29.494080919191894,0.013650606592280541
29.66443753022026,0.013455259434332146
29.835778114100627,0.013262118219916751
30.008108354220266,0.013071166583243556
30.181433966793218,0.012882388174898993
30.355760701050382,0.012695766663028895
30.53109433942974,0.012511285734515525
30.707440697768646,0.012328929096147285
30.884805625496313,0.012148680475782879
31.063195005828003,0.011970523623508181
31.2426147559604,0.01179444231278629
31.423070827267406,0.011620420341601259
31.60456920549808,0.011448441533593662
31.78711591097466,0.011278489739189967
31.970716998792785,0.011110548836723293
32.155378559021884,0.010944602733547625
32.341106716907376,0.010780635367143514
32.52790763307405,0.010618630706215897
32.71578750372994,0.01045857275178442
32.90475256087241,0.010300445538264586
33.09480907249429,0.01014423313454152
33.28596334279238,0.009989919645034193
33.47822171237604,0.009837489210751844
33.67159055847775,0.009686926010341016
33.86607629516482,0.009538214261123612
34.06168537355167,0.009391338220126357
34.258424282014374,0.009246282185100228
34.45629954640542,0.009103030495531269
34.65531773027031,0.00896156753364137
34.85548543506556,0.008821877725379382
35.05680930037714,0.008683945541402937
35.25929600414128,0.008547755498049621
35.46295226286541,0.008413292158298903
35.66778483185152,0.008280540132723073
35.87380050541975,0.008149484080428666
36.08100611713393,0.008020108709986967
36.28940854002852,0.007892398780354007
36.499014686836034,0.007766339101780383
36.70983151021696,0.007641914536709646
36.92186600298975,0.007519110000666549
37.13512519836342,0.007397910463133601
37.349616170170265,0.007278300948417219
37.56534603310076,0.007160266536502292
37.78232194293977,0.0070437923638954365
38.000551096803356,0.006928863624457329
38.22004073337817,0.006815465570222926
38.4407981331609,0.006703583512210816
38.662830618700376,0.00659320282122024
38.88614555483998,0.0064843089286170065
39.110750348962085,0.006376887327107181
39.33665245123407,0.006270923571498878
39.56385935485486,0.006166403279452461
39.79237859630409,0.006063312132218126
40.02221775559149,0.005961635875361946
40.25338445650893,0.0058613603194791405
40.485886366882774,0.005762471340895604
40.719731198828406,0.00566495488235679
40.95492670900633,0.005568796953704147
41.191480698878884,0.005473983632539498
41.42940101496967,0.005380501064876372
41.66869554912314,0.0052883354657793325
41.90937223876708,0.00519747311999014
42.15143906717524,0.005107900382541789
42.39490406373248,0.005019603679359443
42.639775304201294,0.004932569507848712
42.88606091098911,0.0048467844374713975
43.1337690534184,0.004762235110307964
43.38290794799704,0.004678908241607633
43.63348585869114,0.004596790620325257
43.88551109719938,0.004515869109645318
44.13899202322814,0.004436130647493235
44.39393704476947,0.004357562247033332
44.65035461837929,0.004280150997154229
44.90825324945859,0.004203884062940826
45.167641492534955,0.004128748686133678
45.42852795154656,0.004054732185575083
45.69092128012785,0.003981821957642143
45.954830181895964,0.0039100054766670524
46.22026341074012,0.003839270295343989
46.487229771111274,0.003769604045123346
46.755738118314945,0.0037009944365925655
47.02579735880421,0.0036334292598443193
47.297416450475474,0.003566896384831424
47.57060440296588,0.0035013837617087697
47.84537027795146,0.003436879421162508
48.12172318944854,0.003373371474725915
48.39967230411521,0.0033108481150827033
48.67922684155622,0.003249297616357025
48.96039607462808,0.0031887083343909487
49.24318932974693,0.0031290687070088413
49.52761598719823,0.003070367254268917
49.813685481447166,0.0030125925787022286
50.10140730145242,0.002955733365538564
50.390790990980115,0.002899778382919978
50.68184614892118,0.002844716482101315
50.97458242960905,0.0027905365976384246
51.26900954314018,0.0027372277475635766
51.56513725569646,0.002684779033548379
51.86297538986845,0.002633179641054397
52.162533824982,0.002582418839471084
52.46382249742512,0.0025324859822416492
52.76685140097842,0.0024833705069763432
53.07163058714586,0.002435061935553772
53.378170165488484,0.0023875498742098812
53.68648030396006,0.0023408240136148367
53.99657122924362,0.002294874128938058
54.30845322709154,0.0022496900799010436
54.62213664266582,0.0022052618108185894
54.93763188088218,0.002161579350627945
55.25494940675433,0.0021186328129065043
55.57409974574149,0.00207641239587769
55.89509348409787,0.002034908382405303
56.217941269222955,0.001994111139976557
56.542653810015665,0.00195401112067352
56.86924187722872,0.0019145988611334935
57.197716303826276,0.0018758649824980537
57.52808798534361,0.0018378001903510178
57.86036788024768,0.0018003952746455433
58.19456701030159,0.0017636411096201288
58.53069646092921,0.0017275286537040441
58.86876738158385,0.0016920489494118513
59.208790986117265,0.001657193123227544
59.550778553151936,0.001622952385478076
59.89474142645558,0.0015893180301965292
60.240691015316585,0.0015562814349751365
60.58863879492339,0.0015238340608079886
60.938596306744174,0.0014919674519238957
61.290575158910656,0.0014606732356091427
61.64458702660229,0.0014299431220206249
62.00064365243388,0.0013997689039891843
62.35875684684547,0.0013701424568133913
62.718938488493244,0.0013410557380439936
63.081200524644494,0.001312500787258889
63.44555497157295,0.0012844697258290799
63.81201391495837,0.0012569547566753897
64.1805895102865,0.001229948164016399
64.55129398325269,0.0012034423131074667
64.92413963016779,0.001177429649971075
65.29913881836514,0.0011519027011187145
65.67630398661179,0.0011268540732642114
66.0556476455201,0.0011022764530289133
66.43718237796372,0.0010781626066385832
66.82092083949411,0.0010545053796123971
67.20687575876062,0.001031297696443979
67.59505993793323,0.0010085325602746816
67.98548625312613,0.0009862030525593548
68.37816765482602,0.0009643023327244962
68.77311716832048,0.0009428236378192154
69.17034789413124,0.0009217602821588673
69.56987300844763,0.0009011056569617508
69.97170576356416,0.0008808532299788088
70.37585948832044,0.0008609965451165674
70.78234758854238,0.0008415292220535028
71.19118354748795,0.0008224449558498153
71.60238092629342,0.000803737516550965
72.01595336442367,0.0007854007487849191
72.43191458012498,0.0007674285713533494
72.8502783708791,0.0007498149768169704
73.27105861386204,0.000732554031075001
73.69426926640323,0.0007156398729390996
74.11992436644965,0.0006990667137017043
74.5480380330305,0.0006828288366991222
74.97862446672582,0.0006669205968693573
75.41169795013816,0.0006513364203048741
75.84727284836515,0.0006360708038005105
76.28536360947727,0.0006211183143965289
76.72598476499584,0.0006064735889171312
77.16915093037628,0.0005921313335044009
77.61487680549182,0.0005780863231479805
78.06317717512154,0.0005643334012105015
78.51406690944133,0.0005508674789489522
78.9675609645159,0.0005376835350321886
79.42367438279628,0.0005247766150545875
79.88242229361741,0.0005121418310461527
80.34381991370132,0.0004997743609790507
80.8078825476607,0.000487669448270866
81.27462558850708,0.000475822401284594
81.74406451816188,0.00046422859282557066
82.21621490796879,0.00045288345963550165
82.69109241921164,0.0004417825018836363
83.16871280363253,0.00043092128265534647
83.64909190395564,0.00042029542743811827
84.13224565441156,0.00040990062360521346
84.61819008126638,0.0003997326198970389
85.10694130335374,0.000389787225900398
85.59851553260833,0.00038006031152579056
86.092929074605,0.00037054780648280566
86.59019832909823,0.0003612456997538436
87.09033979056755,0.0003521500390661927
87.59337004876339,0.00034325693036269076
88.09930578925787,0.00033456253727101484
88.60816379399887,0.0003260630805717637
89.11996094186539,0.0003177548376654863
89.63471420922885,0.0003096341420387041
90.1524406705148,0.00030169738272914603
90.6731574987707,0.0002939410037902234
91.1968819662343,0.00028636150375495144
91.72363144490704,0.00027895543509937423
92.25342340713094,0.00027171940370563155
92.78627542616678,0.00026465006832481635
93.32220517677857,0.00025774414003967096
93.86123043581841,0.0002509983817273153
94.40336908281684,0.0002444096075220532
94.94863910057636,0.00023797468227840048
95.49705857576667,0.00023169052103446126
96.0486456995261,0.00022555408847570798
96.60341876806346,0.00021956239839934143
97.16139618326655,0.00021371251317926416
97.72259645331108,0.00020800154323184335
98.28703819327525,0.00020242664648250773
98.85474012575779,0.00019698502783330353
99.42572108149761,0.00019167393863152966
100.0,0.00018649067613950044
